username,nombre,apellido,descripcion,correo,edad,estado
kblackaller0,Keslie,Blackaller,Help Desk Operator,kblackaller0@bluehost.com,13,false
opashba1,Ophelia,Pashba,Structural Engineer,opashba1@marketwatch.com,93,false
cseppey2,Corrie,Seppey,Research Associate,cseppey2@amazon.co.jp,3,false
dtongue3,Dee dee,Tongue,Graphic Designer,dtongue3@squarespace.com,11,true
hmclugish4,Helenelizabeth,McLugish,Marketing Manager,hmclugish4@cdbaby.com,38,true
bsilcox5,Bradney,Silcox,Internal Auditor,bsilcox5@kickstarter.com,70,true
swhiffen6,Sher,Whiffen,VP Product Management,swhiffen6@census.gov,10,true
rmarte7,Rustie,Marte,Project Manager,rmarte7@virginia.edu,26,true
sjeffreys8,Stanford,Jeffreys,Database Administrator I,sjeffreys8@instagram.com,15,false
dlowdeane9,Demetri,Lowdeane,GIS Technical Architect,dlowdeane9@java.com,4,false
afeatherstonea,Antonius,Featherstone,Paralegal,afeatherstonea@chron.com,6,false
hgeorgib,Hilliary,Georgi,Information Systems Manager,hgeorgib@miibeian.gov.cn,46,false
hderbyc,Heall,Derby,Social Worker,hderbyc@nydailynews.com,32,true
dashborned,Dianemarie,Ashborne,Occupational Therapist,dashborned@bluehost.com,83,false
wcalleye,Winona,Calley,Human Resources Manager,wcalleye@blogs.com,45,true
mandrockf,Misha,Androck,Legal Assistant,mandrockf@aol.com,81,true
gingramg,Gabriel,Ingram,Legal Assistant,gingramg@phpbb.com,25,false
tburgynh,Trip,Burgyn,Technical Writer,tburgynh@usa.gov,25,true
awenderothi,Ailyn,Wenderoth,Senior Financial Analyst,awenderothi@nature.com,10,false
bbraddickj,Berthe,Braddick,VP Sales,bbraddickj@squarespace.com,48,true
cthorndycraftk,Cindi,Thorndycraft,Junior Executive,cthorndycraftk@buzzfeed.com,19,true
lcalfl,Luz,Calf,Recruiter,lcalfl@delicious.com,23,true
cbirdsm,Carolyn,Birds,Food Chemist,cbirdsm@booking.com,53,false
cmikon,Chevy,Miko,Recruiter,cmikon@yahoo.com,53,true
lbashfordo,Lena,Bashford,Recruiting Manager,lbashfordo@businessinsider.com,53,true
abazeleyp,Ardelia,Bazeley,Media Manager III,abazeleyp@etsy.com,54,false
rbruinsmaq,Rhea,Bruinsma,Associate Professor,rbruinsmaq@comsenz.com,81,true
borrittr,Branden,Orritt,Web Developer III,borrittr@wsj.com,53,true
mciscos,Morley,Cisco,Civil Engineer,mciscos@tamu.edu,50,true
cheepst,Catrina,Heeps,Sales Representative,cheepst@ucoz.ru,78,false
dchalcotu,Davon,Chalcot,Compensation Analyst,dchalcotu@loc.gov,15,false
hsuettv,Harland,Suett,Statistician II,hsuettv@loc.gov,14,true
rcostellw,Ruprecht,Costell,Account Representative I,rcostellw@washington.edu,21,false
mlingfootx,Maurits,Lingfoot,Information Systems Manager,mlingfootx@bandcamp.com,73,true
ttoley,Titus,Tole,Computer Systems Analyst III,ttoley@smh.com.au,1,false
rstetlyez,Ree,Stetlye,Media Manager II,rstetlyez@walmart.com,35,false
gcraddock10,Georgianne,Craddock,VP Quality Control,gcraddock10@wikimedia.org,66,false
fhaggerston11,Filippo,Haggerston,Clinical Specialist,fhaggerston11@techcrunch.com,44,true
sdanielis12,Shannon,Danielis,Product Engineer,sdanielis12@va.gov,94,true
lfonzone13,Lanita,Fonzone,Biostatistician III,lfonzone13@sbwire.com,88,false
bburland14,Blake,Burland,Marketing Manager,bburland14@adobe.com,39,true
irenehan15,Isahella,Renehan,Clinical Specialist,irenehan15@arstechnica.com,18,true
lbudget16,Lorena,Budget,Recruiting Manager,lbudget16@yellowbook.com,44,true
nshillitoe17,Nariko,Shillitoe,Executive Secretary,nshillitoe17@phpbb.com,39,false
bloody18,Brody,Loody,Financial Analyst,bloody18@vk.com,100,true
chollebon19,Codi,Hollebon,VP Marketing,chollebon19@go.com,23,false
ajaquest1a,Anthea,Jaquest,Statistician IV,ajaquest1a@example.com,40,false
kbrownsmith1b,Kessia,Brownsmith,VP Sales,kbrownsmith1b@geocities.com,5,false
esmieton1c,Elvira,Smieton,General Manager,esmieton1c@microsoft.com,20,false
rdjakovic1d,Roana,Djakovic,Nurse Practicioner,rdjakovic1d@a8.net,56,true
tbastable1e,Troy,Bastable,Automation Specialist II,tbastable1e@live.com,26,true
tbrecken1f,Twyla,Brecken,Technical Writer,tbrecken1f@tuttocitta.it,25,false
zcoil1g,Zahara,Coil,Account Representative I,zcoil1g@tinypic.com,11,true
bobern1h,Bordie,Obern,Clinical Specialist,bobern1h@baidu.com,89,true
ralbers1i,Rufus,Albers,Nuclear Power Engineer,ralbers1i@comcast.net,83,false
mgerring1j,Mona,Gerring,Senior Cost Accountant,mgerring1j@yale.edu,9,false
rlumm1k,Rowan,Lumm,Account Representative III,rlumm1k@techcrunch.com,7,false
cmagill1l,Cameron,Magill,Paralegal,cmagill1l@tripadvisor.com,73,false
lmelmeth1m,Levy,Melmeth,Marketing Manager,lmelmeth1m@simplemachines.org,63,false
rburburough1n,Richmound,Burburough,Compensation Analyst,rburburough1n@hatena.ne.jp,2,false
hginnell1o,Huey,Ginnell,Engineer II,hginnell1o@devhub.com,54,false
mklinck1p,Marni,Klinck,Director of Sales,mklinck1p@sina.com.cn,4,false
apydcock1q,Abigale,Pydcock,Software Engineer I,apydcock1q@bigcartel.com,11,false
gloney1r,Golda,Loney,Safety Technician I,gloney1r@comcast.net,21,true
sdyte1s,Stephie,Dyte,Food Chemist,sdyte1s@google.com.hk,31,true
holohan1t,Harper,Olohan,Financial Advisor,holohan1t@smh.com.au,82,true
atideswell1u,Allx,Tideswell,Food Chemist,atideswell1u@ucsd.edu,25,true
hlippitt1v,Herold,Lippitt,Office Assistant III,hlippitt1v@ezinearticles.com,85,true
kwillerson1w,Kilian,Willerson,Assistant Media Planner,kwillerson1w@youtu.be,32,false
vangove1x,Viviana,Angove,Operator,vangove1x@over-blog.com,10,true
bgibbs1y,Baldwin,Gibbs,Physical Therapy Assistant,bgibbs1y@mashable.com,87,true
rtinham1z,Rossy,Tinham,Sales Representative,rtinham1z@jugem.jp,98,false
kcaldero20,Kylila,Caldero,Programmer III,kcaldero20@wp.com,88,false
rquiddihy21,Richie,Quiddihy,Business Systems Development Analyst,rquiddihy21@reuters.com,84,false
adedon22,Ashien,Dedon,Recruiting Manager,adedon22@phpbb.com,56,true
smowling23,Stefanie,Mowling,Sales Representative,smowling23@squidoo.com,9,true
tgreatham24,Tedi,Greatham,Graphic Designer,tgreatham24@posterous.com,72,true
kdurrad25,Kelby,Durrad,Internal Auditor,kdurrad25@wired.com,84,false
mpester26,Milka,Pester,Speech Pathologist,mpester26@cdbaby.com,55,true
lastin27,Lyell,Astin,Safety Technician III,lastin27@geocities.com,75,false
agrinaway28,Anatole,Grinaway,Budget/Accounting Analyst IV,agrinaway28@prweb.com,33,false
sspottiswood29,Selle,Spottiswood,Help Desk Technician,sspottiswood29@php.net,56,false
mmeffin2a,Morena,Meffin,Statistician IV,mmeffin2a@jimdo.com,35,false
dmacpake2b,Deirdre,MacPake,Staff Scientist,dmacpake2b@mit.edu,20,true
ablackaller2c,Ailina,Blackaller,Cost Accountant,ablackaller2c@businessinsider.com,47,false
hdonohue2d,Hasheem,Donohue,Quality Control Specialist,hdonohue2d@economist.com,38,false
pmckeaney2e,Perceval,McKeaney,Project Manager,pmckeaney2e@barnesandnoble.com,36,false
cseeman2f,Cindy,Seeman,Graphic Designer,cseeman2f@ted.com,53,true
edumbrall2g,Egor,Dumbrall,Database Administrator IV,edumbrall2g@princeton.edu,46,true
lzecchini2h,Lauretta,Zecchini,Structural Engineer,lzecchini2h@wp.com,97,true
jlilie2i,Jackelyn,Lilie,Analyst Programmer,jlilie2i@google.co.uk,61,true
abraybrookes2j,Athena,Braybrookes,Internal Auditor,abraybrookes2j@nyu.edu,44,true
scurthoys2k,Shanan,Curthoys,Registered Nurse,scurthoys2k@behance.net,21,false
mross2l,Mirelle,Ross,Marketing Assistant,mross2l@domainmarket.com,18,false
mdaniels2m,Morty,Daniels,Project Manager,mdaniels2m@youtube.com,3,false
cleinweber2n,Cordy,Leinweber,Mechanical Systems Engineer,cleinweber2n@apple.com,14,true
vjaggers2o,Verine,Jaggers,Quality Engineer,vjaggers2o@geocities.jp,29,true
gtimlett2p,Gennie,Timlett,Occupational Therapist,gtimlett2p@phoca.cz,26,true
lkennaird2q,Lizzy,Kennaird,Computer Systems Analyst IV,lkennaird2q@ebay.co.uk,34,false
erodear2r,Eddi,Rodear,Operator,erodear2r@mac.com,30,true
epicford2s,Emerson,Picford,Engineer II,epicford2s@sourceforge.net,94,false
dveneur2t,Deloria,Veneur,Assistant Manager,dveneur2t@aol.com,10,true
mgogie2u,Mahala,Gogie,Chemical Engineer,mgogie2u@wsj.com,52,false
tsamsworth2v,Thane,Samsworth,Cost Accountant,tsamsworth2v@topsy.com,93,true
lschimann2w,Lucien,Schimann,Quality Control Specialist,lschimann2w@csmonitor.com,24,true
obeddingham2x,Olympe,Beddingham,Paralegal,obeddingham2x@yellowbook.com,94,false
vmacavddy2y,Verena,MacAvddy,Librarian,vmacavddy2y@fda.gov,9,false
cmattioli2z,Caritta,Mattioli,Design Engineer,cmattioli2z@gov.uk,61,true
fpetty30,Fiorenze,Petty,GIS Technical Architect,fpetty30@tinypic.com,25,true
desley31,Durante,Esley,Product Engineer,desley31@taobao.com,15,true
aedgeley32,Angelika,Edgeley,Financial Analyst,aedgeley32@prnewswire.com,34,false
ttipling33,Trueman,Tipling,Technical Writer,ttipling33@gizmodo.com,58,false
mcaffrey34,Marven,Caffrey,Help Desk Operator,mcaffrey34@china.com.cn,31,false
edurak35,Ethelin,Durak,Accounting Assistant IV,edurak35@reverbnation.com,53,false
cbohlsen36,Carrie,Bohlsen,Environmental Specialist,cbohlsen36@fc2.com,4,true
bhegdonne37,Bell,Hegdonne,Recruiter,bhegdonne37@t-online.de,37,false
myu38,Mason,Yu,Professor,myu38@fotki.com,96,true
kfrentz39,Kandace,Frentz,Help Desk Operator,kfrentz39@paginegialle.it,46,false
kazemar3a,Kattie,Azemar,Chief Design Engineer,kazemar3a@washington.edu,79,false
gcorbitt3b,Giff,Corbitt,VP Accounting,gcorbitt3b@mit.edu,42,true
jsolan3c,Julietta,Solan,Physical Therapy Assistant,jsolan3c@friendfeed.com,53,true
tcastelin3d,Tabbi,Castelin,Developer III,tcastelin3d@taobao.com,42,false
jhintzer3e,Jeanette,Hintzer,Civil Engineer,jhintzer3e@hubpages.com,28,true
ehumpherston3f,Elke,Humpherston,Administrative Assistant IV,ehumpherston3f@thetimes.co.uk,51,true
riskowicz3g,Rogers,Iskowicz,Software Engineer III,riskowicz3g@nbcnews.com,42,true
kduester3h,Killian,Duester,Occupational Therapist,kduester3h@123-reg.co.uk,98,true
gshambroke3i,Gwenneth,Shambroke,Associate Professor,gshambroke3i@yahoo.co.jp,17,false
adurbridge3j,Augusto,Durbridge,GIS Technical Architect,adurbridge3j@ocn.ne.jp,69,true
dbonelle3k,Douglass,Bonelle,Analyst Programmer,dbonelle3k@privacy.gov.au,43,true
sspencelayh3l,Shelbi,Spencelayh,Structural Engineer,sspencelayh3l@posterous.com,24,true
phellmore3m,Paco,Hellmore,Web Designer IV,phellmore3m@gov.uk,26,false
epantecost3n,Eryn,Pantecost,Account Representative I,epantecost3n@csmonitor.com,27,false
epriestley3o,Evin,Priestley,Web Developer II,epriestley3o@yellowbook.com,6,false
rmorden3p,Rhody,Morden,Registered Nurse,rmorden3p@scientificamerican.com,13,true
ksentance3q,Kendra,Sentance,Assistant Media Planner,ksentance3q@flavors.me,70,false
gjanusz3r,Gillian,Janusz,VP Quality Control,gjanusz3r@nydailynews.com,19,true
dyearron3s,Dennie,Yearron,Teacher,dyearron3s@yandex.ru,48,true
eeagleton3t,Ewan,Eagleton,Structural Engineer,eeagleton3t@miibeian.gov.cn,12,true
cpittam3u,Chandal,Pittam,Nuclear Power Engineer,cpittam3u@senate.gov,55,false
ylindsay3v,Yorgos,Lindsay,Biostatistician III,ylindsay3v@sina.com.cn,28,true
noman3w,Normy,Oman,Human Resources Manager,noman3w@myspace.com,61,true
nwarrilow3x,Noam,Warrilow,Marketing Assistant,nwarrilow3x@hao123.com,29,false
sdubble3y,Sherye,Dubble,Mechanical Systems Engineer,sdubble3y@posterous.com,28,true
dredsell3z,Davine,Redsell,Teacher,dredsell3z@geocities.com,80,false
tsydall40,Terry,Sydall,Account Executive,tsydall40@rakuten.co.jp,77,false
hfryett41,Hyacinthia,Fryett,Project Manager,hfryett41@gravatar.com,9,true
ltasseler42,Layla,Tasseler,General Manager,ltasseler42@wsj.com,10,true
cstollwerk43,Calhoun,Stollwerk,Web Developer I,cstollwerk43@biglobe.ne.jp,48,false
rdurtnal44,Rosemarie,Durtnal,Sales Associate,rdurtnal44@nhs.uk,31,false
idrohun45,Inessa,Drohun,Chemical Engineer,idrohun45@wikia.com,82,true
shounson46,Sadye,Hounson,Recruiting Manager,shounson46@businesswire.com,65,true
bcapstack47,Barris,Capstack,Data Coordinator,bcapstack47@jimdo.com,76,true
gcoulter48,Ginny,Coulter,Accountant IV,gcoulter48@arizona.edu,3,false
asymmons49,Antoine,Symmons,Marketing Manager,asymmons49@opera.com,71,true
rfawcus4a,Roxy,Fawcus,Staff Accountant IV,rfawcus4a@studiopress.com,51,true
agooderridge4b,Ardeen,Gooderridge,Programmer III,agooderridge4b@skype.com,44,false
vmarkie4c,Vonni,Markie,VP Product Management,vmarkie4c@nytimes.com,18,true
khixley4d,Kent,Hixley,Geologist II,khixley4d@privacy.gov.au,91,false
aklainman4e,Andy,Klainman,Account Representative I,aklainman4e@ovh.net,87,false
rlanon4f,Ramonda,Lanon,Cost Accountant,rlanon4f@comcast.net,59,false
rmellhuish4g,Ronald,Mellhuish,Teacher,rmellhuish4g@google.cn,25,false
abuxam4h,Arlie,Buxam,Web Designer III,abuxam4h@cpanel.net,97,true
kiacobo4i,Kikelia,Iacobo,Pharmacist,kiacobo4i@oracle.com,7,false
eherculeson4j,Erhart,Herculeson,Web Designer III,eherculeson4j@nytimes.com,95,true
tmacmychem4k,Toma,MacMychem,Administrative Officer,tmacmychem4k@blogspot.com,53,false
mpoe4l,Morganne,Poe,Statistician IV,mpoe4l@cdbaby.com,99,false
hharte4m,Halsey,Harte,Environmental Tech,hharte4m@guardian.co.uk,83,true
sgrindrod4n,Saunderson,Grindrod,Software Consultant,sgrindrod4n@list-manage.com,16,false
edoge4o,Estel,Doge,Cost Accountant,edoge4o@bbc.co.uk,50,true
asivil4p,Alfi,Sivil,Junior Executive,asivil4p@telegraph.co.uk,10,false
aglynn4q,Adria,Glynn,Quality Engineer,aglynn4q@wunderground.com,30,false
bsposito4r,Bridgette,Sposito,Accounting Assistant I,bsposito4r@youku.com,36,true
rwinterbotham4s,Rebe,Winterbotham,Engineer II,rwinterbotham4s@surveymonkey.com,22,false
mbriance4t,Myrtia,Briance,VP Marketing,mbriance4t@kickstarter.com,30,true
ckench4u,Coreen,Kench,Structural Analysis Engineer,ckench4u@sourceforge.net,80,true
sdavison4v,Saunder,Davison,Senior Cost Accountant,sdavison4v@intel.com,42,true
wshippey4w,Wood,Shippey,Senior Editor,wshippey4w@infoseek.co.jp,74,true
pblakely4x,Priscella,Blakely,Account Executive,pblakely4x@wikia.com,42,false
hchomicki4y,Hugibert,Chomicki,Marketing Manager,hchomicki4y@businesswire.com,84,false
whounsom4z,Worthington,Hounsom,Food Chemist,whounsom4z@dagondesign.com,70,false
rcrace50,Roseline,Crace,VP Marketing,rcrace50@meetup.com,70,false
rbarbera51,Ronnie,Barbera,Software Engineer II,rbarbera51@google.de,98,false
gpourvoieur52,Gualterio,Pourvoieur,Cost Accountant,gpourvoieur52@loc.gov,81,true
tdrynan53,Thane,Drynan,Budget/Accounting Analyst IV,tdrynan53@opensource.org,68,false
ademogeot54,Annabal,Demogeot,Clinical Specialist,ademogeot54@comsenz.com,71,true
scain55,Shaine,Cain,Database Administrator II,scain55@utexas.edu,93,false
tlilleyman56,Terence,Lilleyman,Physical Therapy Assistant,tlilleyman56@goodreads.com,46,true
zmoulster57,Zechariah,Moulster,Desktop Support Technician,zmoulster57@purevolume.com,41,true
sblacksland58,Selma,Blacksland,Assistant Media Planner,sblacksland58@cloudflare.com,51,true
iblannin59,Isa,Blannin,Operator,iblannin59@utexas.edu,54,true
kpollington5a,Kennan,Pollington,Recruiting Manager,kpollington5a@hostgator.com,98,true
ghansmann5b,Georgiana,Hansmann,Help Desk Technician,ghansmann5b@google.com.br,22,true
wcuffin5c,Waneta,Cuffin,Environmental Tech,wcuffin5c@people.com.cn,61,false
hplant5d,Herby,Plant,Research Associate,hplant5d@skyrock.com,69,false
gtoseland5e,Guy,Toseland,Programmer Analyst II,gtoseland5e@nifty.com,43,true
dbramley5f,Dreddy,Bramley,Geological Engineer,dbramley5f@sun.com,42,true
spullan5g,Sinclair,Pullan,GIS Technical Architect,spullan5g@cbc.ca,100,true
hmarples5h,Heddi,Marples,General Manager,hmarples5h@mtv.com,27,true
pgennrich5i,Pet,Gennrich,Chemical Engineer,pgennrich5i@4shared.com,30,false
gkippin5j,Gabbey,Kippin,Editor,gkippin5j@reverbnation.com,94,true
rmcillroy5k,Rhoda,McIllroy,Director of Sales,rmcillroy5k@scribd.com,34,false
bcubbit5l,Boycie,Cubbit,Human Resources Assistant III,bcubbit5l@sphinn.com,46,true
jwapol5m,Jinny,Wapol,Environmental Tech,jwapol5m@epa.gov,86,true
dbalharrie5n,Darrelle,Balharrie,Tax Accountant,dbalharrie5n@fda.gov,48,false
gmillett5o,Gael,Millett,General Manager,gmillett5o@sun.com,65,true
ijablonski5p,Izak,Jablonski,Media Manager II,ijablonski5p@nature.com,66,false
msteels5q,Mariele,Steels,Pharmacist,msteels5q@sohu.com,85,false
sely5r,Suzanna,Ely,Systems Administrator IV,sely5r@patch.com,15,false
cwiggington5s,Cynthy,Wiggington,Senior Quality Engineer,cwiggington5s@yolasite.com,69,false
chigounet5t,Cicely,Higounet,Physical Therapy Assistant,chigounet5t@godaddy.com,24,true
stomsett5u,Sacha,Tomsett,VP Sales,stomsett5u@thetimes.co.uk,67,true
jscini5v,Joceline,Scini,Quality Engineer,jscini5v@g.co,49,true
ebush5w,Essie,Bush,Tax Accountant,ebush5w@marriott.com,83,true
gjuorio5x,Gertrude,Juorio,Graphic Designer,gjuorio5x@reverbnation.com,34,false
rgwynn5y,Randall,Gwynn,Geological Engineer,rgwynn5y@tinypic.com,73,false
yventam5z,Yasmeen,Ventam,Programmer III,yventam5z@t-online.de,85,true
dhaggus60,Drusy,Haggus,Automation Specialist IV,dhaggus60@qq.com,25,false
bnaseby61,Berkeley,Naseby,Professor,bnaseby61@goo.ne.jp,16,false
bspraberry62,Benjamen,Spraberry,Graphic Designer,bspraberry62@tamu.edu,26,false
glawille63,Grethel,La Wille,Design Engineer,glawille63@ning.com,61,true
amendes64,Astrix,Mendes,Financial Advisor,amendes64@webmd.com,82,true
lmaunder65,Lauren,Maunder,Research Nurse,lmaunder65@imageshack.us,45,false
obircher66,Olly,Bircher,Accountant I,obircher66@netscape.com,89,false
cwalford67,Cami,Walford,Technical Writer,cwalford67@soup.io,42,true
kstaner68,Katha,Staner,Health Coach II,kstaner68@cisco.com,91,true
pbaszniak69,Petra,Baszniak,Safety Technician IV,pbaszniak69@parallels.com,23,true
wandrejs6a,Willis,Andrejs,Biostatistician III,wandrejs6a@live.com,5,false
jpettegre6b,Jeff,Pettegre,Editor,jpettegre6b@about.me,87,true
bconnechy6c,Byrann,Connechy,Research Associate,bconnechy6c@si.edu,71,true
cklulik6d,Claire,Klulik,Structural Engineer,cklulik6d@msu.edu,89,true
codger6e,Cointon,Odger,Senior Quality Engineer,codger6e@theatlantic.com,30,true
mvannini6f,Matti,Vannini,Computer Systems Analyst I,mvannini6f@deviantart.com,23,true
lgrebert6g,Liesa,Grebert,Assistant Media Planner,lgrebert6g@goo.gl,77,false
jletford6h,Jacquetta,Letford,Community Outreach Specialist,jletford6h@icq.com,88,true
mshillinglaw6i,Matty,Shillinglaw,General Manager,mshillinglaw6i@twitpic.com,83,true
cdarbey6j,Conn,Darbey,Web Designer I,cdarbey6j@w3.org,51,false
amottershaw6k,Aldridge,Mottershaw,Business Systems Development Analyst,amottershaw6k@amazon.co.uk,84,true
bwhitworth6l,Bibby,Whitworth,Structural Analysis Engineer,bwhitworth6l@exblog.jp,13,true
tkolakovic6m,Theodosia,Kolakovic,Graphic Designer,tkolakovic6m@independent.co.uk,51,true
lfrenzel6n,Lemmie,Frenzel;,Research Nurse,lfrenzel6n@home.pl,1,false
jsworne6o,Jocelin,Sworne,Engineer I,jsworne6o@nsw.gov.au,60,false
hcusick6p,Hanan,Cusick,Technical Writer,hcusick6p@webs.com,64,true
dblest6q,Didi,Blest,Administrative Assistant IV,dblest6q@spiegel.de,17,true
vravenhill6r,Vitoria,Ravenhill,Senior Editor,vravenhill6r@domainmarket.com,63,false
phackford6s,Pepillo,Hackford,Software Consultant,phackford6s@a8.net,66,true
jcarlon6t,Judye,Carlon,Nurse,jcarlon6t@canalblog.com,52,true
traggles6u,Trev,Raggles,Research Nurse,traggles6u@reuters.com,2,false
jsphinxe6v,Jefferey,Sphinxe,Design Engineer,jsphinxe6v@boston.com,64,true
dwoolveridge6w,Dasha,Woolveridge,Environmental Specialist,dwoolveridge6w@wsj.com,12,false
handersch6x,Hailee,Andersch,Food Chemist,handersch6x@4shared.com,8,false
vmcateer6y,Viole,McAteer,Mechanical Systems Engineer,vmcateer6y@people.com.cn,74,false
fdavage6z,Fredericka,Davage,Associate Professor,fdavage6z@360.cn,54,false
slindenbluth70,Shawn,Lindenbluth,Community Outreach Specialist,slindenbluth70@ovh.net,23,false
oalfonso71,Obadias,Alfonso,Automation Specialist III,oalfonso71@youtube.com,13,false
kbach72,Kat,Bach,Nuclear Power Engineer,kbach72@tinypic.com,90,false
salcide73,Sigrid,Alcide,Marketing Assistant,salcide73@stanford.edu,84,true
tpautard74,Trudey,Pautard,VP Sales,tpautard74@mtv.com,87,true
rmorin75,Rosalinda,Morin,Senior Editor,rmorin75@hugedomains.com,69,false
ragastina76,Ranice,Agastina,Accountant I,ragastina76@histats.com,44,false
gberisford77,George,Berisford,Engineer II,gberisford77@walmart.com,76,true
mjanoschek78,Marlow,Janoschek,Payment Adjustment Coordinator,mjanoschek78@answers.com,78,true
sblacktin79,Stavros,Blacktin,Senior Developer,sblacktin79@hubpages.com,87,true
jribeiro7a,Jasmin,Ribeiro,Media Manager II,jribeiro7a@foxnews.com,80,false
kswynfen7b,Katharine,Swynfen,Media Manager IV,kswynfen7b@live.com,67,true
fkastel7c,Fay,Kastel,Help Desk Technician,fkastel7c@about.me,22,false
lfretwell7d,Leland,Fretwell,Technical Writer,lfretwell7d@purevolume.com,36,false
stinton7e,Sloane,Tinton,Financial Advisor,stinton7e@bloglovin.com,100,true
amckerley7f,Auguste,McKerley,Senior Cost Accountant,amckerley7f@gnu.org,55,true
tgilhool7g,Taffy,Gilhool,Help Desk Technician,tgilhool7g@mozilla.org,78,true
grene7h,Garvey,Rene,VP Sales,grene7h@squarespace.com,12,false
hduckerin7i,Hilarius,Duckerin,Environmental Specialist,hduckerin7i@nytimes.com,11,false
cantonsen7j,Conn,Antonsen,Sales Representative,cantonsen7j@wordpress.org,56,true
sjosefson7k,Sileas,Josefson,Dental Hygienist,sjosefson7k@forbes.com,46,false
cbainbrigge7l,Cos,Bainbrigge,Human Resources Assistant IV,cbainbrigge7l@amazon.de,85,true
tpengelly7m,Tamara,Pengelly,Engineer IV,tpengelly7m@patch.com,63,false
acirlos7n,Anestassia,Cirlos,Research Assistant II,acirlos7n@europa.eu,73,true
bhrynczyk7o,Brook,Hrynczyk,Software Test Engineer I,bhrynczyk7o@cnn.com,62,false
bpickwell7p,Bowie,Pickwell,Operator,bpickwell7p@twitter.com,32,true
adubble7q,Alisha,Dubble,Safety Technician I,adubble7q@shutterfly.com,30,false
handerl7r,Hakeem,Anderl,General Manager,handerl7r@adobe.com,10,true
ifleeming7s,Isiahi,Fleeming,VP Accounting,ifleeming7s@xing.com,66,true
rhirsch7t,Rod,Hirsch,Tax Accountant,rhirsch7t@xrea.com,21,true
adiamant7u,Alia,Diamant,Human Resources Assistant IV,adiamant7u@apple.com,38,true
hrizzotto7v,Holli,Rizzotto,Sales Associate,hrizzotto7v@youku.com,60,true
ljolliffe7w,Laureen,Jolliffe,Cost Accountant,ljolliffe7w@unc.edu,69,false
scowterd7x,Shalne,Cowterd,Actuary,scowterd7x@about.com,6,false
jswayte7y,Jobina,Swayte,Administrative Officer,jswayte7y@weebly.com,10,true
ewoollett7z,Ermin,Woollett,Office Assistant I,ewoollett7z@nifty.com,42,false
nheijne80,Napoleon,Heijne,Engineer IV,nheijne80@go.com,35,true
bnelmes81,Blakelee,Nelmes,Project Manager,bnelmes81@noaa.gov,73,false
ldavage82,Loralyn,Davage,Web Designer II,ldavage82@baidu.com,50,false
csmallshaw83,Cyndie,Smallshaw,Mechanical Systems Engineer,csmallshaw83@google.es,71,true
cceney84,Coletta,Ceney,Statistician II,cceney84@merriam-webster.com,13,true
pcrier85,Paulie,Crier,Developer I,pcrier85@deliciousdays.com,10,true
crottenbury86,Charin,Rottenbury,Senior Quality Engineer,crottenbury86@unicef.org,76,true
rbanes87,Ronda,Banes,Office Assistant IV,rbanes87@parallels.com,78,false
tcore88,Temple,Core,Human Resources Manager,tcore88@vimeo.com,92,true
slequeux89,Sharlene,Lequeux,Speech Pathologist,slequeux89@jalbum.net,57,false
ayuranovev8a,Albertine,Yuranovev,Community Outreach Specialist,ayuranovev8a@acquirethisname.com,18,true
hgeering8b,Hedwig,Geering,Quality Engineer,hgeering8b@noaa.gov,25,true
dpenvarne8c,Damian,Penvarne,Biostatistician III,dpenvarne8c@marriott.com,61,true
llemmens8d,Loy,Lemmens,Assistant Manager,llemmens8d@squidoo.com,53,false
bhazard8e,Berte,Hazard,Assistant Media Planner,bhazard8e@ning.com,46,true
jcatlow8f,Johann,Catlow,Desktop Support Technician,jcatlow8f@weibo.com,71,true
sgrundwater8g,Sharlene,Grundwater,Assistant Professor,sgrundwater8g@networkadvertising.org,84,false
tmarsland8h,Tiffy,Marsland,Structural Analysis Engineer,tmarsland8h@businesswire.com,11,true
ewither8i,Eberhard,Wither,VP Accounting,ewither8i@seesaa.net,16,true
cruckledge8j,Carmelle,Ruckledge,Pharmacist,cruckledge8j@slashdot.org,66,false
mreck8k,Marijn,Reck,General Manager,mreck8k@icq.com,27,false
wandrzej8l,Wiley,Andrzej,Assistant Professor,wandrzej8l@jalbum.net,51,false
analder8m,Aura,Nalder,Internal Auditor,analder8m@ftc.gov,36,false
tmaxted8n,Tonie,Maxted,Operator,tmaxted8n@51.la,61,false
tbaser8o,Timmy,Baser,Sales Associate,tbaser8o@wiley.com,21,true
aandrassy8p,Alain,Andrassy,Director of Sales,aandrassy8p@netlog.com,44,true
bashness8q,Bobby,Ashness,Chemical Engineer,bashness8q@hugedomains.com,28,true
madlard8r,Merrili,Adlard,Software Consultant,madlard8r@deviantart.com,39,true
gwyne8s,Gennie,Wyne,Project Manager,gwyne8s@netvibes.com,63,true
eodriscole8t,Ellis,O'Driscole,Financial Analyst,eodriscole8t@adobe.com,68,true
gsiflet8u,Goran,Siflet,Human Resources Assistant IV,gsiflet8u@ucla.edu,79,true
clynskey8v,Colene,Lynskey,Help Desk Technician,clynskey8v@networksolutions.com,54,true
epace8w,Eldredge,Pace,Pharmacist,epace8w@washingtonpost.com,42,false
cskarin8x,Charissa,Skarin,Senior Sales Associate,cskarin8x@umn.edu,87,false
evinten8y,Edmund,Vinten,Data Coordinator,evinten8y@house.gov,35,true
btippin8z,Benedicto,Tippin,Quality Control Specialist,btippin8z@imageshack.us,88,false
bjan90,Berty,Jan,Recruiting Manager,bjan90@nasa.gov,11,true
gdray91,Gwenora,Dray,Structural Engineer,gdray91@privacy.gov.au,84,false
ajewster92,Aloysius,Jewster,Recruiting Manager,ajewster92@smh.com.au,96,true
svictory93,Sebastiano,Victory,Human Resources Assistant IV,svictory93@vk.com,1,false
sgheorghie94,Sarina,Gheorghie,Recruiting Manager,sgheorghie94@disqus.com,73,true
tparsand95,Tamra,Parsand,Associate Professor,tparsand95@si.edu,14,true
jmcnern96,Jedidiah,McNern,Human Resources Manager,jmcnern96@list-manage.com,90,false
dgeere97,Dominga,Geere,Chemical Engineer,dgeere97@globo.com,27,true
mfiler98,Merissa,Filer,Staff Accountant II,mfiler98@whitehouse.gov,2,true
jboot99,Jayme,Boot,Research Nurse,jboot99@nasa.gov,42,false
ptoombes9a,Padraig,Toombes,Computer Systems Analyst II,ptoombes9a@xing.com,10,false
ahanbridge9b,Arman,Hanbridge,Professor,ahanbridge9b@mapquest.com,37,false
bgollard9c,Beatrix,Gollard,Data Coordinator,bgollard9c@columbia.edu,44,false
pdansey9d,Petronille,Dansey,Compensation Analyst,pdansey9d@apple.com,95,true
lemptage9e,Lynnett,Emptage,Senior Sales Associate,lemptage9e@dot.gov,67,true
dfeak9f,Debee,Feak,Office Assistant I,dfeak9f@opera.com,9,false
hpenni9g,Hobart,Penni,Accounting Assistant II,hpenni9g@lulu.com,52,false
rsemmence9h,Regen,Semmence,General Manager,rsemmence9h@skyrock.com,22,true
iloram9i,Ilyssa,Loram,Editor,iloram9i@bloglines.com,71,true
fjirick9j,Frederik,Jirick,Internal Auditor,fjirick9j@feedburner.com,45,true
dgoldenofireland9k,Dorian,Golden of Ireland,Programmer I,dgoldenofireland9k@google.co.jp,35,true
rbaert9l,Rockwell,Baert,Professor,rbaert9l@reverbnation.com,33,false
cpalley9m,Colin,Palley,Marketing Manager,cpalley9m@multiply.com,73,false
lraffeorty9n,Lorene,Raffeorty,Analog Circuit Design manager,lraffeorty9n@state.gov,87,false
ayeoland9o,Audra,Yeoland,Accounting Assistant IV,ayeoland9o@purevolume.com,48,true
rfoggarty9p,Roderich,Foggarty,Tax Accountant,rfoggarty9p@i2i.jp,34,false
lscading9q,Lanie,Scading,Operator,lscading9q@cpanel.net,53,true
gcohane9r,Gwenette,Cohane,Librarian,gcohane9r@chronoengine.com,93,true
lkillshaw9s,Linea,Killshaw,Registered Nurse,lkillshaw9s@comsenz.com,78,true
mslay9t,Marcellina,Slay,Accountant III,mslay9t@amazonaws.com,10,false
elockton9u,Editha,Lockton,Graphic Designer,elockton9u@jigsy.com,51,true
pdikle9v,Percival,Dikle,Sales Associate,pdikle9v@yahoo.co.jp,70,false
tkristoffersson9w,Temp,Kristoffersson,Junior Executive,tkristoffersson9w@blinklist.com,85,true
pvenour9x,Pattie,Venour,Sales Representative,pvenour9x@pen.io,82,true
rbolesworth9y,Roxane,Bolesworth,Sales Associate,rbolesworth9y@sciencedirect.com,7,false
amorrissey9z,Ailina,Morrissey,Tax Accountant,amorrissey9z@nytimes.com,97,true
sguittona0,Simon,Guitton,Research Assistant II,sguittona0@cnbc.com,16,false
mgruczkaa1,Myriam,Gruczka,Marketing Assistant,mgruczkaa1@myspace.com,74,false
lthravesa2,Llywellyn,Thraves,Social Worker,lthravesa2@mapy.cz,97,false
boloughnana3,Brody,O'Loughnan,Administrative Assistant II,boloughnana3@home.pl,78,true
cstieblera4,Caril,Stiebler,Assistant Professor,cstieblera4@netscape.com,78,false
jricharda5,Jedidiah,Richard,Registered Nurse,jricharda5@typepad.com,70,true
jrubia6,Jenny,Rubi,Assistant Media Planner,jrubia6@gravatar.com,79,false
sstidsona7,Sheila,Stidson,Design Engineer,sstidsona7@smh.com.au,31,false
mbendela8,Milzie,Bendel,Administrative Officer,mbendela8@guardian.co.uk,26,false
kcasserlya9,Kellie,Casserly,Data Coordinator,kcasserlya9@icq.com,97,false
schallesaa,See,Challes,Graphic Designer,schallesaa@over-blog.com,73,false
shyldenab,Silvia,Hylden,Human Resources Assistant II,shyldenab@creativecommons.org,87,false
rhalleyac,Roberta,Halley,Recruiter,rhalleyac@ycombinator.com,66,true
sgoodaad,Sly,Gooda,Nurse,sgoodaad@sohu.com,13,false
jchannonae,Jelene,Channon,Design Engineer,jchannonae@businessinsider.com,43,true
lmarflittaf,Liv,Marflitt,Marketing Assistant,lmarflittaf@furl.net,60,false
lespinayag,Lenora,Espinay,Software Test Engineer I,lespinayag@elpais.com,85,false
gnovacekah,Gil,Novacek,Chief Design Engineer,gnovacekah@usatoday.com,43,false
bwhitebreadai,Brocky,Whitebread,Senior Quality Engineer,bwhitebreadai@slate.com,48,false
rkobpalaj,Rafaellle,Kobpal,Sales Representative,rkobpalaj@ucsd.edu,56,false
smackombak,Stacee,MacKomb,Director of Sales,smackombak@deliciousdays.com,60,true
nvedekhinal,Nelson,Vedekhin,Computer Systems Analyst IV,nvedekhinal@yandex.ru,25,true
rseargeantam,Randy,Seargeant,Financial Advisor,rseargeantam@gnu.org,39,false
apundan,Avrom,Pund,Financial Advisor,apundan@privacy.gov.au,73,false
rlacyao,Roy,Lacy,Internal Auditor,rlacyao@comcast.net,28,true
lhanbridgeap,Lamont,Hanbridge,GIS Technical Architect,lhanbridgeap@mac.com,92,true
daslettaq,Dougy,Aslett,General Manager,daslettaq@mit.edu,28,true
vvignear,Velma,Vigne,Staff Scientist,vvignear@yale.edu,71,false
peberstas,Prissie,Eberst,Biostatistician II,peberstas@ucoz.com,77,false
bgrisbrookat,Betteanne,Grisbrook,GIS Technical Architect,bgrisbrookat@hibu.com,70,true
wravenshearau,Walton,Ravenshear,Administrative Assistant I,wravenshearau@netscape.com,96,true
astonnellav,Avrit,Stonnell,Quality Engineer,astonnellav@bandcamp.com,71,true
awitherdonaw,Amy,Witherdon,Accountant I,awitherdonaw@sciencedaily.com,22,false
kferenceax,Kylie,Ference,VP Quality Control,kferenceax@cocolog-nifty.com,48,false
achevesay,Ardenia,Cheves,Sales Representative,achevesay@blog.com,30,false
iwayneaz,Ilyssa,Wayne,Accounting Assistant III,iwayneaz@jimdo.com,9,false
tousbieb0,Thatcher,Ousbie,Nurse Practicioner,tousbieb0@amazon.co.uk,46,true
egeorgelb1,Emlynn,Georgel,Environmental Specialist,egeorgelb1@uiuc.edu,89,true
rblackebyb2,Rochelle,Blackeby,Cost Accountant,rblackebyb2@bbc.co.uk,72,false
flittrikb3,Frannie,Littrik,Chief Design Engineer,flittrikb3@xrea.com,35,true
amuslimb4,Andriana,Muslim,Marketing Assistant,amuslimb4@google.co.uk,10,true
vrobertellib5,Verena,Robertelli,Desktop Support Technician,vrobertellib5@sun.com,83,false
jdelleb6,Julienne,Delle,Data Coordinator,jdelleb6@businessweek.com,20,true
nwiddowfieldb7,Nestor,Widdowfield,VP Product Management,nwiddowfieldb7@illinois.edu,48,true
fspaldinb8,Franni,Spaldin,Administrative Officer,fspaldinb8@chicagotribune.com,85,false
dmcfaulb9,Delphinia,McFaul,Project Manager,dmcfaulb9@jugem.jp,45,false
pbendaba,Philbert,Benda,Nurse,pbendaba@house.gov,21,true
mpiserbb,Maye,Piser,Systems Administrator III,mpiserbb@princeton.edu,94,true
baudibertbc,Bern,Audibert,Automation Specialist IV,baudibertbc@etsy.com,93,false
rpomfrettbd,Ram,Pomfrett,Financial Advisor,rpomfrettbd@si.edu,47,true
dgrubeybe,Dagmar,Grubey,Programmer Analyst IV,dgrubeybe@earthlink.net,87,true
hrominovbf,Harland,Rominov,Office Assistant II,hrominovbf@go.com,91,false
gvickorsbg,Gilly,Vickors,Safety Technician IV,gvickorsbg@histats.com,25,true
edammarellbh,Emelen,Dammarell,Account Coordinator,edammarellbh@nymag.com,48,true
mvasilicbi,Mead,Vasilic,Safety Technician II,mvasilicbi@biglobe.ne.jp,23,true
pgavrielbj,Parsifal,Gavriel,Marketing Assistant,pgavrielbj@soundcloud.com,100,true
cmaxwalebk,Cherin,Maxwale,Help Desk Operator,cmaxwalebk@seesaa.net,55,false
tdreigherbl,Trina,Dreigher,Physical Therapy Assistant,tdreigherbl@macromedia.com,28,false
chasluckbm,Cornie,Hasluck,Clinical Specialist,chasluckbm@illinois.edu,80,true
bgoganbn,Bernice,Gogan,Director of Sales,bgoganbn@netvibes.com,29,true
ebunclarkbo,Erek,Bunclark,Sales Associate,ebunclarkbo@networksolutions.com,17,false
leldenbp,Lura,Elden,Geological Engineer,leldenbp@shop-pro.jp,89,false
lwitcherbq,Lorrayne,Witcher,Sales Associate,lwitcherbq@chron.com,49,true
adevallbr,Andros,Devall,Administrative Officer,adevallbr@1688.com,48,true
bjohnstonbs,Bevin,Johnston,Research Associate,bjohnstonbs@dedecms.com,13,true
gtrouncerbt,Goldy,Trouncer,Professor,gtrouncerbt@slashdot.org,40,false
tstokesbu,Torr,Stokes,Payment Adjustment Coordinator,tstokesbu@cocolog-nifty.com,61,true
tyakovbv,Taddeo,Yakov,Safety Technician II,tyakovbv@tamu.edu,11,false
ehuddlestonbw,Erhart,Huddleston,Social Worker,ehuddlestonbw@wordpress.org,22,false
mlindermannbx,Melli,Lindermann,Accounting Assistant I,mlindermannbx@lulu.com,48,true
ibernotby,Ilene,Bernot,Human Resources Manager,ibernotby@example.com,46,false
hslidebz,Hildagarde,Slide,Marketing Assistant,hslidebz@blinklist.com,35,true
scaudreyc0,Symon,Caudrey,Business Systems Development Analyst,scaudreyc0@slideshare.net,53,true
kcottac1,Katharyn,Cotta,Food Chemist,kcottac1@163.com,49,false
kbrissardc2,Kylie,Brissard,Administrative Assistant I,kbrissardc2@amazon.de,61,false
bsextiec3,Blake,Sextie,Librarian,bsextiec3@squarespace.com,93,true
wandreichikc4,Winni,Andreichik,VP Marketing,wandreichikc4@uol.com.br,91,true
vcarsonc5,Viviene,Carson,Safety Technician III,vcarsonc5@hhs.gov,94,false
jclaidenc6,Jacki,Claiden,Automation Specialist I,jclaidenc6@livejournal.com,86,true
mdenyerc7,Melonie,Denyer,Electrical Engineer,mdenyerc7@google.fr,20,false
esommerledc8,Ester,Sommerled,Marketing Manager,esommerledc8@go.com,99,false
btunuyc9,Bink,Tunuy,Legal Assistant,btunuyc9@imageshack.us,6,false
mgurgca,Magda,Gurg,Analog Circuit Design manager,mgurgca@devhub.com,36,false
sbeedellcb,Staci,Beedell,Health Coach II,sbeedellcb@businessinsider.com,19,true
nmullindercc,Noll,Mullinder,Recruiting Manager,nmullindercc@sohu.com,76,true
fgarlingecd,Flin,Garlinge,Safety Technician II,fgarlingecd@live.com,84,false
gbrowningce,Gilemette,Browning,Civil Engineer,gbrowningce@cbc.ca,23,true
lwoofindencf,Lindy,Woofinden,Information Systems Manager,lwoofindencf@unicef.org,85,true
kglenncg,Kayley,Glenn,Physical Therapy Assistant,kglenncg@slideshare.net,49,true
kdefranciscich,Kat,De Francisci,Developer III,kdefranciscich@businesswire.com,39,true
gcanadineci,Gallard,Canadine,Paralegal,gcanadineci@nba.com,11,false
bchinnockcj,Bentley,Chinnock,Graphic Designer,bchinnockcj@wufoo.com,42,true
jferrarock,Jacqui,Ferraro,Environmental Tech,jferrarock@home.pl,33,false
cgooseycl,Cirillo,Goosey,Analog Circuit Design manager,cgooseycl@senate.gov,50,false
jlewsoncm,Jake,Lewson,Help Desk Technician,jlewsoncm@vk.com,91,false
lzannellicn,Liliane,Zannelli,Information Systems Manager,lzannellicn@livejournal.com,61,true
ndyzartco,Norah,Dyzart,Business Systems Development Analyst,ndyzartco@friendfeed.com,92,false
jnoencp,Jasmine,Noen,Design Engineer,jnoencp@skyrock.com,69,true
rturpeycq,Rowan,Turpey,Web Designer II,rturpeycq@kickstarter.com,85,true
rchettlecr,Rurik,Chettle,Editor,rchettlecr@engadget.com,62,false
rmacelhargecs,Ricky,MacElharge,Operator,rmacelhargecs@alexa.com,48,true
lmecchict,Lora,Mecchi,Electrical Engineer,lmecchict@boston.com,35,true
idanseycu,Iorgo,Dansey,Nurse,idanseycu@mayoclinic.com,77,false
jsibbonscv,Jenn,Sibbons,Sales Associate,jsibbonscv@oaic.gov.au,54,true
mfawkecw,Mirabelle,Fawke,Associate Professor,mfawkecw@jimdo.com,52,true
aeadcx,Arlinda,Ead,Professor,aeadcx@exblog.jp,89,false
csurteescy,Carolin,Surtees,Health Coach IV,csurteescy@hibu.com,91,false
kwinncz,Kristy,Winn,Senior Sales Associate,kwinncz@zdnet.com,38,false
dhirthed0,Dwight,Hirthe,GIS Technical Architect,dhirthed0@wikimedia.org,33,false
cpearmaind1,Charis,Pearmain,Office Assistant I,cpearmaind1@weibo.com,100,false
rkinnochd2,Reilly,Kinnoch,Pharmacist,rkinnochd2@comsenz.com,92,true
aschrineld3,Abbye,Schrinel,Programmer III,aschrineld3@elegantthemes.com,27,true
aedmonsond4,Adolphe,Edmonson,Teacher,aedmonsond4@usgs.gov,89,true
rowttrimd5,Rossie,Owttrim,Pharmacist,rowttrimd5@state.tx.us,44,false
shatchelld6,Sashenka,Hatchell,Speech Pathologist,shatchelld6@imageshack.us,29,false
hpassed7,Hanny,Passe,Senior Cost Accountant,hpassed7@google.it,56,false
sneubigind8,Samuele,Neubigin,Structural Engineer,sneubigind8@wikia.com,32,false
tdyd9,Thorndike,Dy,Geological Engineer,tdyd9@whitehouse.gov,15,false
gdunseithda,Gerti,Dunseith,Web Designer I,gdunseithda@ox.ac.uk,32,true
nmeneldb,Nadia,Menel,Nurse,nmeneldb@earthlink.net,35,false
janselmidc,Jorry,Anselmi,Software Test Engineer II,janselmidc@google.fr,16,true
jsaffindd,Joycelin,Saffin,Engineer III,jsaffindd@xrea.com,5,true
dboanasde,Dolorita,Boanas,VP Quality Control,dboanasde@jugem.jp,99,false
plakentondf,Pen,Lakenton,Senior Quality Engineer,plakentondf@netvibes.com,34,false
kgranedg,Kareem,Grane,Senior Editor,kgranedg@list-manage.com,80,false
dcoopedh,Dulce,Coope,Media Manager IV,dcoopedh@ning.com,88,true
ipearceydi,Ilene,Pearcey,Mechanical Systems Engineer,ipearceydi@hugedomains.com,79,false
vgawithdj,Valentin,Gawith,Chief Design Engineer,vgawithdj@goo.ne.jp,65,false
bnorquaydk,Britt,Norquay,Product Engineer,bnorquaydk@networkadvertising.org,89,true
tgreveldl,Tandie,Grevel,VP Quality Control,tgreveldl@cocolog-nifty.com,66,true
cbarczewskidm,Cassey,Barczewski,Payment Adjustment Coordinator,cbarczewskidm@scientificamerican.com,42,true
hlenniedn,Hanan,Lennie,Paralegal,hlenniedn@opera.com,76,true
xmcbeathdo,Xena,McBeath,Internal Auditor,xmcbeathdo@weebly.com,31,false
dwiddowesdp,Darsey,Widdowes,Human Resources Assistant III,dwiddowesdp@elpais.com,9,true
mpancoustdq,Myles,Pancoust,Information Systems Manager,mpancoustdq@earthlink.net,62,true
agreensittdr,Adriane,Greensitt,Web Developer III,agreensittdr@goodreads.com,25,true
dclaptonds,Domingo,Clapton,Computer Systems Analyst IV,dclaptonds@instagram.com,3,true
gmunnsdt,Gamaliel,Munns,Geological Engineer,gmunnsdt@blogs.com,53,false
melletondu,Matelda,Elleton,Food Chemist,melletondu@t-online.de,7,true
gwillowaydv,Giacobo,Willoway,Environmental Specialist,gwillowaydv@zdnet.com,79,false
halvydw,Hamlin,Alvy,Executive Secretary,halvydw@ted.com,85,true
pklimaszewskidx,Paloma,Klimaszewski,Systems Administrator II,pklimaszewskidx@joomla.org,20,true
hyarrantondy,Haroun,Yarranton,Tax Accountant,hyarrantondy@mayoclinic.com,73,false
bkamingdz,Berton,Kaming,Data Coordinator,bkamingdz@live.com,10,true
nloddone0,Nicolai,Loddon,Quality Control Specialist,nloddone0@engadget.com,36,false
sspeeke1,Shelli,Speek,Paralegal,sspeeke1@arstechnica.com,83,false
lchadwycke2,Latisha,Chadwyck,Editor,lchadwycke2@who.int,37,false
fopye3,Fiann,Opy,Senior Quality Engineer,fopye3@gnu.org,81,false
eheathorne4,Eadie,Heathorn,Senior Editor,eheathorne4@pbs.org,51,true
gjosiahe5,Gerti,Josiah,VP Accounting,gjosiahe5@independent.co.uk,99,false
cbrosiuse6,Cross,Brosius,Executive Secretary,cbrosiuse6@arstechnica.com,5,true
kshaplande7,Karee,Shapland,Sales Associate,kshaplande7@yolasite.com,99,true
clusheye8,Chelsy,Lushey,Tax Accountant,clusheye8@businessinsider.com,67,false
lhovere9,Lemuel,Hover,Cost Accountant,lhovere9@infoseek.co.jp,61,false
ajainea,Avie,Jain,Operator,ajainea@reference.com,74,false
fstouteb,Fanechka,Stout,Executive Secretary,fstouteb@state.gov,74,true
cepgraveec,Cacilie,Epgrave,Internal Auditor,cepgraveec@ucsd.edu,17,true
smantramed,Stacie,Mantram,Social Worker,smantramed@taobao.com,1,false
nbloschkeee,Nollie,Bloschke,Chief Design Engineer,nbloschkeee@mozilla.org,30,false
pbowshireef,Persis,Bowshire,Environmental Specialist,pbowshireef@mashable.com,63,false
rsokaleeg,Ricki,Sokale,Help Desk Operator,rsokaleeg@stumbleupon.com,19,true
dclemmenseh,Daisey,Clemmens,Associate Professor,dclemmenseh@free.fr,7,false
ashoebridgeei,Ashil,Shoebridge,Senior Financial Analyst,ashoebridgeei@yolasite.com,21,false
eyosifovej,Emmery,Yosifov,Food Chemist,eyosifovej@about.me,91,true
lpeppinek,Liliane,Peppin,Office Assistant II,lpeppinek@npr.org,24,false
hleggesel,Henrik,Legges,Editor,hleggesel@free.fr,25,true
dcheckettsem,Donn,Checketts,Speech Pathologist,dcheckettsem@reuters.com,74,true
bbrendelen,Brad,Brendel,Nurse Practicioner,bbrendelen@1und1.de,72,false
hkrolleeo,Hillery,Krolle,Editor,hkrolleeo@rambler.ru,25,false
xhempelep,Xaviera,Hempel,Structural Analysis Engineer,xhempelep@rediff.com,65,false
pdewsburyeq,Philomena,Dewsbury,Business Systems Development Analyst,pdewsburyeq@moonfruit.com,8,true
jscoullerer,Janna,Scouller,Recruiting Manager,jscoullerer@latimes.com,66,true
mbrokenshawes,Melisse,Brokenshaw,Web Designer II,mbrokenshawes@economist.com,66,false
afalkset,Arie,Falks,Clinical Specialist,afalkset@vinaora.com,13,false
bwillcoxeu,Benny,Willcox,Research Nurse,bwillcoxeu@mozilla.org,93,false
tbartholinev,Theo,Bartholin,Clinical Specialist,tbartholinev@g.co,39,false
mrustew,Meriel,Rust,Staff Scientist,mrustew@booking.com,3,true
mwardlawex,Martino,Wardlaw,Environmental Tech,mwardlawex@domainmarket.com,66,true
kbiggeney,Kimberli,Biggen,Senior Editor,kbiggeney@delicious.com,58,false
abortolussiez,Adan,Bortolussi,Nuclear Power Engineer,abortolussiez@reference.com,67,false
mrutiglianof0,Massimo,Rutigliano,Account Coordinator,mrutiglianof0@eventbrite.com,58,false
hbadgersf1,Hansiain,Badgers,Software Consultant,hbadgersf1@goodreads.com,61,true
tpeadenf2,Tamra,Peaden,Editor,tpeadenf2@blogs.com,30,false
taucockf3,Tomaso,Aucock,Pharmacist,taucockf3@amazon.co.uk,31,false
jboamf4,Jerri,Boam,Biostatistician I,jboamf4@ustream.tv,51,false
tmullinsf5,Tabbitha,Mullins,Budget/Accounting Analyst IV,tmullinsf5@bravesites.com,90,false
amunginf6,Amos,Mungin,Recruiter,amunginf6@yale.edu,63,false
xbompasf7,Xever,Bompas,Research Associate,xbompasf7@japanpost.jp,71,true
rlorkingf8,Rufe,Lorking,Assistant Media Planner,rlorkingf8@narod.ru,51,false
rwhittockf9,Ricca,Whittock,Quality Control Specialist,rwhittockf9@facebook.com,5,true
vcattrollfa,Valida,Cattroll,Occupational Therapist,vcattrollfa@photobucket.com,75,true
lmosbyfb,Lindsey,Mosby,Administrative Officer,lmosbyfb@cocolog-nifty.com,63,true
zmorforthfc,Zebedee,Morforth,Environmental Specialist,zmorforthfc@amazon.de,32,false
syushinfd,Shelton,Yushin,Research Associate,syushinfd@chicagotribune.com,36,true
cratefe,Clemente,Rate,Help Desk Operator,cratefe@prweb.com,77,false
sgorceff,Sayre,Gorce,Senior Financial Analyst,sgorceff@godaddy.com,84,true
scornerfg,Skipper,Corner,Assistant Manager,scornerfg@google.com.au,60,false
rtitheridgefh,Rosemaria,Titheridge,VP Product Management,rtitheridgefh@wsj.com,14,false
edecortfi,Ewart,Decort,Technical Writer,edecortfi@sun.com,36,false
ghardingtonfj,Gwenneth,Hardington,VP Accounting,ghardingtonfj@tumblr.com,1,true
smaileyfk,Sheila-kathryn,Mailey,Human Resources Assistant III,smaileyfk@studiopress.com,64,false
zyantsevfl,Zondra,Yantsev,Research Assistant IV,zyantsevfl@accuweather.com,53,true
aprykefm,Arabella,Pryke,Web Developer II,aprykefm@people.com.cn,93,true
ameiklefn,Alistair,Meikle,Research Associate,ameiklefn@disqus.com,34,false
jquinevanfo,Justine,Quinevan,Food Chemist,jquinevanfo@time.com,86,true
tludovicofp,Tonnie,Ludovico,General Manager,tludovicofp@cisco.com,61,false
kexelbyfq,Kirby,Exelby,Operator,kexelbyfq@intel.com,38,false
abrookfr,Angeli,Brook,Assistant Manager,abrookfr@odnoklassniki.ru,31,true
lwillmontfs,Lark,Willmont,Automation Specialist II,lwillmontfs@webeden.co.uk,3,true
zdambrogift,Zarla,D'Ambrogi,Accountant III,zdambrogift@tuttocitta.it,4,true
ctrentfu,Caresa,Trent,Accounting Assistant IV,ctrentfu@aol.com,68,true
aleftridgefv,Alec,Leftridge,Assistant Professor,aleftridgefv@dedecms.com,87,true
ggusneyfw,Guido,Gusney,Assistant Professor,ggusneyfw@cdc.gov,32,true
dchesonfx,Devland,Cheson,Internal Auditor,dchesonfx@free.fr,28,false
sfarlambefy,Sandra,Farlambe,Financial Analyst,sfarlambefy@example.com,95,false
tmartinafz,Tyson,Martina,Chemical Engineer,tmartinafz@geocities.jp,60,false
rhuggonsg0,Rafaelia,Huggons,Human Resources Manager,rhuggonsg0@intel.com,2,true
ymanvilleg1,Yank,Manville,Business Systems Development Analyst,ymanvilleg1@disqus.com,32,true
wziehmsg2,Westbrook,Ziehms,Office Assistant I,wziehmsg2@blogs.com,81,false
clupartig3,Catherine,Luparti,Assistant Manager,clupartig3@over-blog.com,2,true
eengledowg4,Eolanda,Engledow,Safety Technician III,eengledowg4@wired.com,92,false
rcoultishg5,Rosalia,Coultish,Cost Accountant,rcoultishg5@ihg.com,4,false
dpavineseg6,Dorothea,Pavinese,Media Manager I,dpavineseg6@pinterest.com,61,true
khoofeg7,Kalvin,Hoofe,Research Associate,khoofeg7@ucla.edu,77,false
ostonmang8,Osgood,Stonman,Librarian,ostonmang8@ezinearticles.com,60,true
ldickonsg9,Lemmie,Dickons,Quality Control Specialist,ldickonsg9@storify.com,7,false
amalleyga,Amandi,Malley,Chemical Engineer,amalleyga@networkadvertising.org,9,true
lstickfordgb,Lorant,Stickford,Actuary,lstickfordgb@ucsd.edu,92,true
amckenziegc,Anna-diane,McKenzie,Analog Circuit Design manager,amckenziegc@forbes.com,98,true
dcornewallgd,Dodi,Cornewall,Budget/Accounting Analyst III,dcornewallgd@umn.edu,57,true
lespinhoge,Lucinda,Espinho,Staff Scientist,lespinhoge@redcross.org,85,true
mquarlessgf,Millard,Quarless,Safety Technician IV,mquarlessgf@cdc.gov,57,false
lgroucockgg,Lorianna,Groucock,Librarian,lgroucockgg@reference.com,84,false
mstrakergh,Martie,Straker,Staff Accountant III,mstrakergh@smugmug.com,52,false
cviccarsgi,Connie,Viccars,Cost Accountant,cviccarsgi@nature.com,64,false
arubicagj,Andreana,Rubica,Sales Associate,arubicagj@deliciousdays.com,88,false
igeilliergk,Iver,Geillier,Marketing Assistant,igeilliergk@yahoo.com,84,false
rmateescugl,Raynell,Mateescu,Associate Professor,rmateescugl@skyrock.com,87,false
brissengm,Benjamin,Rissen,Teacher,brissengm@qq.com,50,false
vneilgn,Vanessa,Neil,Executive Secretary,vneilgn@redcross.org,48,true
fcicuttogo,Fey,Cicutto,Nurse Practicioner,fcicuttogo@wp.com,74,true
hyonniegp,Hetti,Yonnie,Senior Editor,hyonniegp@sbwire.com,9,true
tkobkegq,Theodosia,Kobke,Project Manager,tkobkegq@wiley.com,88,true
jfegangr,Justin,Fegan,Marketing Assistant,jfegangr@shop-pro.jp,14,false
nchilderhousegs,Netty,Childerhouse,Cost Accountant,nchilderhousegs@e-recht24.de,92,false
rbockmastergt,Revkah,Bockmaster,Senior Financial Analyst,rbockmastergt@telegraph.co.uk,25,false
gblancowegu,Gale,Blancowe,Computer Systems Analyst I,gblancowegu@dmoz.org,65,true
bkiledalgv,Blythe,Kiledal,Structural Engineer,bkiledalgv@parallels.com,83,false
cwestreygw,Candace,Westrey,Food Chemist,cwestreygw@dion.ne.jp,9,true
lricardongx,Ludvig,Ricardon,Project Manager,lricardongx@google.cn,19,false
mscneidergy,Mary,Scneider,Analog Circuit Design manager,mscneidergy@altervista.org,45,true
tmaurogz,Tore,Mauro,Media Manager III,tmaurogz@utexas.edu,28,true
aboalh0,Aurelia,Boal,Financial Analyst,aboalh0@live.com,1,true
dcasesh1,Dionne,Cases,Software Test Engineer IV,dcasesh1@constantcontact.com,46,true
cpresserh2,Cam,Presser,Engineer III,cpresserh2@com.com,5,true
ikellochh3,Ingelbert,Kelloch,Registered Nurse,ikellochh3@qq.com,55,true
bwhellansh4,Benjy,Whellans,Financial Advisor,bwhellansh4@mit.edu,38,true
fprinth5,Fredi,Print,Recruiter,fprinth5@shop-pro.jp,69,false
xbreedsh6,Xena,Breeds,Senior Sales Associate,xbreedsh6@baidu.com,28,false
iferrierih7,Ignacio,Ferrieri,Speech Pathologist,iferrierih7@unc.edu,52,true
bpetrush8,Bernadette,Petrus,VP Quality Control,bpetrush8@shareasale.com,9,true
rmapstonh9,Remy,Mapston,Electrical Engineer,rmapstonh9@utexas.edu,31,true
araysonha,Anne,Rayson,Statistician I,araysonha@fema.gov,40,true
wmorpethhb,Wadsworth,Morpeth,Pharmacist,wmorpethhb@wikispaces.com,97,false
sbearsmorehc,Sallie,Bearsmore,Sales Associate,sbearsmorehc@narod.ru,24,false
gculleyhd,Gabriello,Culley,Help Desk Technician,gculleyhd@cbslocal.com,73,true
gricoaldhe,Garfield,Ricoald,Dental Hygienist,gricoaldhe@wiley.com,29,false
suttleyhf,Suzanna,Uttley,VP Product Management,suttleyhf@example.com,91,false
slezemorehg,Standford,Lezemore,Recruiting Manager,slezemorehg@de.vu,32,false
vhinckeshh,Valle,Hinckes,Electrical Engineer,vhinckeshh@dailymotion.com,3,true
ademicolihi,Antonetta,Demicoli,Tax Accountant,ademicolihi@whitehouse.gov,63,true
ldenialhj,Lucinda,Denial,Financial Advisor,ldenialhj@huffingtonpost.com,79,false
bmessumhk,Bill,Messum,Director of Sales,bmessumhk@discovery.com,70,true
rthiemehl,Raychel,Thieme,Media Manager II,rthiemehl@smh.com.au,12,true
cstokerhm,Christie,Stoker,Librarian,cstokerhm@phoca.cz,23,true
bgomersallhn,Belita,Gomersall,Environmental Tech,bgomersallhn@dell.com,38,true
jknellho,Janna,Knell,Programmer Analyst IV,jknellho@prnewswire.com,18,false
lmirandahp,Latrena,Miranda,Junior Executive,lmirandahp@xrea.com,37,false
cradbandhq,Candace,Radband,Assistant Media Planner,cradbandhq@pcworld.com,53,false
alegenhr,Agnella,Legen,Internal Auditor,alegenhr@skype.com,97,true
glansdalehs,Gena,Lansdale,Sales Representative,glansdalehs@wp.com,19,false
amcduallht,Alex,McDuall,Internal Auditor,amcduallht@indiegogo.com,37,true
odefrancescohu,Olenka,De Francesco,Senior Financial Analyst,odefrancescohu@squarespace.com,24,true
zgrzesiakhv,Zahara,Grzesiak,Structural Analysis Engineer,zgrzesiakhv@bbb.org,91,true
uhemberhw,Ulick,Hember,VP Accounting,uhemberhw@deliciousdays.com,87,false
smckainhx,Sadie,McKain,Analyst Programmer,smckainhx@redcross.org,4,true
kbembridgehy,Kalli,Bembridge,Mechanical Systems Engineer,kbembridgehy@sina.com.cn,41,true
bgilbankhz,Boonie,Gilbank,Information Systems Manager,bgilbankhz@networkadvertising.org,68,false
adesboroughi0,Astrid,Desborough,Staff Accountant IV,adesboroughi0@businessinsider.com,51,false
spoylei1,Scot,Poyle,Account Executive,spoylei1@epa.gov,36,true
sbrackenburyi2,Sadie,Brackenbury,Professor,sbrackenburyi2@123-reg.co.uk,92,true
ewibrewi3,Elonore,Wibrew,Nurse,ewibrewi3@senate.gov,71,false
whealeyi4,Wayne,Healey,Clinical Specialist,whealeyi4@geocities.jp,28,false
bdautryi5,Bettina,Dautry,Senior Editor,bdautryi5@bloglovin.com,5,true
epeaseei6,Emmalynn,Peasee,Web Developer II,epeaseei6@samsung.com,31,false
evanderkruijsi7,Ediva,Van der Kruijs,Dental Hygienist,evanderkruijsi7@people.com.cn,86,false
mgentlei8,Michal,Gentle,Chief Design Engineer,mgentlei8@cyberchimps.com,42,true
gteresiai9,Gardner,Teresia,Safety Technician II,gteresiai9@cbsnews.com,46,true
cgronalleria,Carly,Gronaller,Registered Nurse,cgronalleria@ehow.com,28,false
ableueib,Aldis,Bleue,Financial Analyst,ableueib@google.com.au,88,false
cpeattic,Carolynn,Peatt,Office Assistant I,cpeattic@army.mil,83,false
tfattoriniid,Thorin,Fattorini,Automation Specialist II,tfattoriniid@i2i.jp,50,true
sgorglie,Sari,Gorgl,Quality Control Specialist,sgorglie@mac.com,91,true
hswayslandif,Hersch,Swaysland,Programmer III,hswayslandif@tinyurl.com,78,true
douslemig,Desiree,Ouslem,Environmental Tech,douslemig@usgs.gov,40,true
ichampneysih,Isiahi,Champneys,Accounting Assistant III,ichampneysih@github.io,64,false
nstolbergii,Nathalia,Stolberg,Senior Developer,nstolbergii@jiathis.com,99,false
fwinningij,Faulkner,Winning,Speech Pathologist,fwinningij@springer.com,34,false
pkirtlanik,Patton,Kirtlan,Assistant Professor,pkirtlanik@simplemachines.org,75,true
itowil,Ingaberg,Tow,Human Resources Assistant I,itowil@mapquest.com,61,true
wsimonyim,Winslow,Simony,Geologist IV,wsimonyim@studiopress.com,66,true
ssapenain,Sianna,Sapena,Statistician I,ssapenain@barnesandnoble.com,17,true
jnelthropio,Jane,Nelthrop,Senior Sales Associate,jnelthropio@digg.com,7,false
tkitchingmanip,Tabby,Kitchingman,Senior Cost Accountant,tkitchingmanip@ted.com,22,true
sdominicoiq,Sabina,Dominico,Marketing Assistant,sdominicoiq@networkadvertising.org,19,false
jkenninghanir,Janna,Kenninghan,Assistant Professor,jkenninghanir@ask.com,71,true
fpetricis,Ferdie,Petric,Desktop Support Technician,fpetricis@umn.edu,6,true
rfokerit,Randy,Foker,Nuclear Power Engineer,rfokerit@homestead.com,65,true
cwarrickeriu,Carine,Warricker,Systems Administrator I,cwarrickeriu@washingtonpost.com,59,true
adooleriv,Arabelle,Dooler,Executive Secretary,adooleriv@gravatar.com,20,false
achallesiw,Ardine,Challes,General Manager,achallesiw@1688.com,94,true
cellermanix,Cassy,Ellerman,Programmer Analyst IV,cellermanix@wikimedia.org,28,false
dwhoralliy,Dottie,Whorall,Technical Writer,dwhoralliy@sciencedaily.com,95,true
dgodieriz,Darby,Godier,Recruiter,dgodieriz@nytimes.com,73,false
aleurenj0,Artair,Leuren,Desktop Support Technician,aleurenj0@exblog.jp,42,true
hbanfordj1,Halette,Banford,Assistant Manager,hbanfordj1@bloglines.com,51,false
santonuccij2,Suzie,Antonucci,Electrical Engineer,santonuccij2@fda.gov,76,true
shumburtonj3,Sterling,Humburton,Paralegal,shumburtonj3@ustream.tv,89,false
hkettlestingj4,Henka,Kettlesting,Senior Cost Accountant,hkettlestingj4@oracle.com,25,true
ehaselj5,Ethelind,Hasel,Developer III,ehaselj5@merriam-webster.com,56,false
apetrukj6,Artemus,Petruk,Food Chemist,apetrukj6@nymag.com,1,true
dspendlovej7,Deana,Spendlove,Research Assistant IV,dspendlovej7@stanford.edu,83,false
coggerj8,Carolyne,Ogger,Nurse Practicioner,coggerj8@blogtalkradio.com,76,true
fventurolij9,Fair,Venturoli,Assistant Manager,fventurolij9@howstuffworks.com,47,true
gmacvaughja,Gideon,MacVaugh,Chemical Engineer,gmacvaughja@clickbank.net,83,false
aclinningjb,Amos,Clinning,General Manager,aclinningjb@state.gov,94,true
mbarehamjc,Marcille,Bareham,Teacher,mbarehamjc@howstuffworks.com,65,true
ldebelljd,Lettie,De Bell,Payment Adjustment Coordinator,ldebelljd@cnn.com,87,true
hmordanje,Hildy,Mordan,Data Coordinator,hmordanje@buzzfeed.com,41,true
aardenjf,Agace,Arden,Geologist I,aardenjf@tinypic.com,47,true
nwhitebrookjg,Nikolos,Whitebrook,Associate Professor,nwhitebrookjg@oracle.com,70,false
nosbanjh,Nonnah,Osban,Software Consultant,nosbanjh@ehow.com,75,true
fchesworthji,Fanchon,Chesworth,Nuclear Power Engineer,fchesworthji@baidu.com,1,false
jtodorjj,Jemie,todor,Junior Executive,jtodorjj@w3.org,59,false
medingtonjk,Miriam,Edington,Librarian,medingtonjk@trellian.com,45,true
vmoraisjl,Vin,Morais,Sales Representative,vmoraisjl@state.tx.us,61,true
rclemitsjm,Roderick,Clemits,Health Coach II,rclemitsjm@wp.com,34,false
emitchesonjn,Evaleen,Mitcheson,Help Desk Operator,emitchesonjn@yahoo.com,20,false
koscroftjo,Krissy,Oscroft,Cost Accountant,koscroftjo@netvibes.com,92,false
tarkleyjp,Tommy,Arkley,Sales Representative,tarkleyjp@dropbox.com,74,false
ihaskaynejq,Inge,Haskayne,Geologist I,ihaskaynejq@arstechnica.com,64,true
bfontelljr,Bee,Fontell,Office Assistant IV,bfontelljr@dagondesign.com,76,false
jraulstonejs,Jami,Raulstone,Nurse,jraulstonejs@marketwatch.com,75,false
mtalljt,Maggie,Tall,Civil Engineer,mtalljt@myspace.com,34,true
rheigoldju,Rinaldo,Heigold,Junior Executive,rheigoldju@eepurl.com,70,true
jmacuchadairjv,Joya,MacUchadair,VP Quality Control,jmacuchadairjv@webs.com,87,true
lsteptojw,Linnea,Stepto,Junior Executive,lsteptojw@google.com,99,false
dlatesjx,Donal,Lates,Senior Sales Associate,dlatesjx@parallels.com,12,true
shubbucksjy,Shirley,Hubbucks,Paralegal,shubbucksjy@scientificamerican.com,82,true
pcranmerjz,Paige,Cranmer,Payment Adjustment Coordinator,pcranmerjz@upenn.edu,61,true
ahauchk0,Anna-maria,Hauch,Information Systems Manager,ahauchk0@4shared.com,79,true
eileyk1,Emlyn,Iley,Paralegal,eileyk1@jiathis.com,61,false
hheinzk2,Hildegaard,Heinz,Professor,hheinzk2@cdbaby.com,77,true
aledamunk3,Aindrea,Ledamun,Database Administrator III,aledamunk3@1688.com,59,true
slaxonk4,Stevana,Laxon,Physical Therapy Assistant,slaxonk4@cbslocal.com,23,true
tbuffhamk5,Tatum,Buffham,Senior Sales Associate,tbuffhamk5@so-net.ne.jp,35,true
rworksk6,Roddy,Works,Civil Engineer,rworksk6@godaddy.com,63,true
mhackneyk7,Mirabella,Hackney,VP Quality Control,mhackneyk7@weibo.com,87,true
ritzaksonk8,Rosalinde,Itzakson,Staff Scientist,ritzaksonk8@sohu.com,74,true
degentank9,Donnie,Egentan,Operator,degentank9@unc.edu,22,false
pbellenyka,Paten,Belleny,Programmer Analyst II,pbellenyka@google.co.jp,77,true
bmedgewickkb,Beverly,Medgewick,Biostatistician IV,bmedgewickkb@nymag.com,7,false
mfardoekc,Mattie,Fardoe,VP Product Management,mfardoekc@themeforest.net,36,false
eheadskd,Eugine,Heads,Safety Technician I,eheadskd@elegantthemes.com,22,false
abingellke,Amory,Bingell,Developer II,abingellke@techcrunch.com,83,false
bdunnkf,Belia,Dunn,Programmer Analyst II,bdunnkf@jigsy.com,2,false
nhuntresskg,Nan,Huntress,Assistant Professor,nhuntresskg@cbslocal.com,91,false
atupiekh,Andria,Tupie,Administrative Officer,atupiekh@gnu.org,2,false
cfassmanki,Cristie,Fassman,Help Desk Operator,cfassmanki@webnode.com,3,false
fcorballiskj,Felicle,Corballis,Biostatistician II,fcorballiskj@sfgate.com,17,false
cpettkk,Chelsey,Pett,Web Developer II,cpettkk@chicagotribune.com,16,true
kboundskl,Karlee,Bounds,Payment Adjustment Coordinator,kboundskl@slashdot.org,65,true
cveschambrekm,Cassandry,Veschambre,Nuclear Power Engineer,cveschambrekm@cbc.ca,38,false
hahernkn,Hirsch,Ahern,Help Desk Technician,hahernkn@altervista.org,68,false
egarsideko,Edwin,Garside,Health Coach IV,egarsideko@gravatar.com,93,true
jpestrickekp,Jessie,Pestricke,Sales Representative,jpestrickekp@wisc.edu,52,false
sdungatekq,Selig,Dungate,Accounting Assistant IV,sdungatekq@booking.com,82,false
dgogginkr,Domingo,Goggin,Pharmacist,dgogginkr@blogs.com,17,false
omargarsonks,Olia,Margarson,Geologist III,omargarsonks@addtoany.com,41,true
xcriagkt,Xavier,Criag,Systems Administrator I,xcriagkt@rambler.ru,55,true
ajohnstonku,Axel,Johnston,Geological Engineer,ajohnstonku@multiply.com,35,false
cmonkemankv,Celie,Monkeman,Software Consultant,cmonkemankv@fastcompany.com,38,true
svockingskw,Shela,Vockings,Programmer Analyst III,svockingskw@hatena.ne.jp,5,false
rdunnkx,Rena,Dunn,Occupational Therapist,rdunnkx@last.fm,3,true
ccicculiniky,Cornie,Cicculini,Clinical Specialist,ccicculiniky@pinterest.com,47,true
srandellkz,Skelly,Randell,Environmental Specialist,srandellkz@ucsd.edu,48,true
doleyl0,Diena,Oley,Assistant Media Planner,doleyl0@imdb.com,50,false
apaquetl1,Amelina,Paquet,Geologist I,apaquetl1@wp.com,41,true
apottlel2,Alair,Pottle,Executive Secretary,apottlel2@loc.gov,49,true
gcailloul3,Glennie,Caillou,Statistician I,gcailloul3@seesaa.net,41,false
chehll4,Catlee,Hehl,Speech Pathologist,chehll4@vkontakte.ru,46,true
delintunel5,Darren,Elintune,Legal Assistant,delintunel5@slashdot.org,80,false
abarriel6,Abram,Barrie,VP Marketing,abarriel6@nydailynews.com,59,false
bmacririel7,Bobbe,MacRirie,Legal Assistant,bmacririel7@dell.com,36,false
smordeyl8,Shellysheldon,Mordey,Teacher,smordeyl8@va.gov,27,false
stremontel9,Skylar,Tremonte,Actuary,stremontel9@google.ru,86,true
dbricknerla,Dredi,Brickner,Librarian,dbricknerla@linkedin.com,20,false
pdoeylb,Parnell,Doey,Teacher,pdoeylb@ft.com,49,false
cmckeatinglc,Christan,McKeating,Biostatistician I,cmckeatinglc@gmpg.org,36,true
ddaftorld,Dietrich,Daftor,Sales Representative,ddaftorld@csmonitor.com,96,false
eickowiczle,Erin,Ickowicz,Actuary,eickowiczle@va.gov,61,false
fhaggishlf,Fernanda,Haggish,Legal Assistant,fhaggishlf@mashable.com,76,false
ohynardlg,Odelinda,Hynard,Analog Circuit Design manager,ohynardlg@imageshack.us,59,true
dfouxlh,Dolf,Foux,Account Executive,dfouxlh@ask.com,49,true
mtidcombli,Mareah,Tidcomb,Marketing Assistant,mtidcombli@noaa.gov,79,true
lsalandinolj,Letizia,Salandino,Actuary,lsalandinolj@eventbrite.com,57,true
dkemsonlk,Daria,Kemson,Civil Engineer,dkemsonlk@bing.com,73,false
bbeckleyll,Barnabe,Beckley,Cost Accountant,bbeckleyll@rakuten.co.jp,44,true
asaigerlm,Anni,Saiger,Structural Analysis Engineer,asaigerlm@pcworld.com,22,false
mmyersln,Mayor,Myers,Electrical Engineer,mmyersln@bloglovin.com,74,true
tdodlelo,Teena,Dodle,Research Assistant II,tdodlelo@accuweather.com,76,true
aegrelp,Arnuad,Egre,Tax Accountant,aegrelp@hubpages.com,61,false
mmodenlq,Maurene,Moden,Analog Circuit Design manager,mmodenlq@vistaprint.com,15,false
lpattinilr,Lowe,Pattini,Office Assistant I,lpattinilr@godaddy.com,62,true
tpuddicombels,Tadio,Puddicombe,Accountant III,tpuddicombels@bloglovin.com,12,false
kschubuserlt,Karlee,Schubuser,Computer Systems Analyst IV,kschubuserlt@csmonitor.com,64,false
ctraylinglu,Cairistiona,Trayling,Computer Systems Analyst I,ctraylinglu@nydailynews.com,49,false
helcouxlv,Horatia,Elcoux,Associate Professor,helcouxlv@cornell.edu,96,true
krishbrooklw,Kalila,Rishbrook,Tax Accountant,krishbrooklw@deviantart.com,49,true
rgiabuzzilx,Rockwell,Giabuzzi,Recruiting Manager,rgiabuzzilx@accuweather.com,5,true
hcopnarly,Hagan,Copnar,Editor,hcopnarly@chron.com,10,false
mcatteralllz,Marlene,Catterall,Internal Auditor,mcatteralllz@ibm.com,13,false
jtiddym0,Janey,Tiddy,Web Developer I,jtiddym0@google.com.hk,73,true
egillhespym1,Ellerey,Gillhespy,Data Coordinator,egillhespym1@friendfeed.com,37,false
pweavillm2,Pauly,Weavill,Engineer II,pweavillm2@yelp.com,83,false
gomullanm3,Gabe,O' Mullan,Social Worker,gomullanm3@sina.com.cn,94,false
jbampfordm4,Janelle,Bampford,Assistant Professor,jbampfordm4@cyberchimps.com,10,true
aheusticem5,Albert,Heustice,Research Associate,aheusticem5@reverbnation.com,83,true
walthropem6,Willi,Althrope,Software Engineer I,walthropem6@netvibes.com,33,false
ocomettim7,Oran,Cometti,Social Worker,ocomettim7@nationalgeographic.com,23,false
dpenleym8,Dorette,Penley,Associate Professor,dpenleym8@cmu.edu,11,false
sclarabutm9,Sarita,Clarabut,Quality Engineer,sclarabutm9@cisco.com,15,true
gspositoma,Griffy,Sposito,Physical Therapy Assistant,gspositoma@istockphoto.com,37,false
edominikmb,Emanuel,Dominik,Analyst Programmer,edominikmb@google.com.br,78,true
hferromc,Harlan,Ferro,Occupational Therapist,hferromc@fema.gov,17,false
hcornbellmd,Hermy,Cornbell,Analyst Programmer,hcornbellmd@soundcloud.com,25,false
rnormavellme,Robinette,Normavell,Teacher,rnormavellme@1und1.de,78,true
tmattiaccimf,Tatiania,Mattiacci,Accountant I,tmattiaccimf@unesco.org,90,false
losgordbymg,Lita,Osgordby,Sales Representative,losgordbymg@yandex.ru,100,true
phaguemh,Paulette,Hague,VP Marketing,phaguemh@google.it,51,false
bborrowmi,Bobbe,Borrow,Help Desk Technician,bborrowmi@gmpg.org,36,false
gweblingmj,Gabriel,Webling,Business Systems Development Analyst,gweblingmj@wordpress.org,21,false
acahnmk,Analise,Cahn,Editor,acahnmk@theatlantic.com,92,false
kginsieml,Krysta,Ginsie,Senior Sales Associate,kginsieml@apache.org,68,true
rsloweymm,Romeo,Slowey,VP Sales,rsloweymm@netscape.com,86,true
emacgianymn,Egbert,MacGiany,Structural Analysis Engineer,emacgianymn@technorati.com,38,false
bwhitwellmo,Bridgette,Whitwell,Administrative Assistant I,bwhitwellmo@addthis.com,55,false
ebaldonimp,Estella,Baldoni,Account Executive,ebaldonimp@fc2.com,60,true
mlochemq,Marris,Loche,Research Assistant I,mlochemq@tamu.edu,79,false
dgellandmr,Debbie,Gelland,Marketing Assistant,dgellandmr@harvard.edu,4,true
wmoriganms,Waylan,Morigan,Account Coordinator,wmoriganms@ebay.com,66,true
mglastonburymt,Merilyn,Glastonbury,Environmental Tech,mglastonburymt@google.de,24,false
kparkenmu,Keven,Parken,VP Marketing,kparkenmu@hc360.com,55,true
tbaudinellimv,Tove,Baudinelli,Chief Design Engineer,tbaudinellimv@loc.gov,65,true
brimermw,Burke,Rimer,Sales Representative,brimermw@tmall.com,42,false
sughellimx,Solly,Ughelli,Quality Control Specialist,sughellimx@wordpress.com,65,true
edoggartmy,Emma,Doggart,General Manager,edoggartmy@behance.net,61,false
lbreretonmz,Lamar,Brereton,Accounting Assistant III,lbreretonmz@mashable.com,98,true
eaupoln0,Elisabetta,Aupol,Structural Analysis Engineer,eaupoln0@ed.gov,76,true
lhagann1,Levon,Hagan,Research Nurse,lhagann1@japanpost.jp,22,true
ereiglarn2,Ennis,Reiglar,Human Resources Assistant I,ereiglarn2@sciencedirect.com,28,true
dcastelletton3,Dion,Castelletto,Tax Accountant,dcastelletton3@csmonitor.com,28,true
ccracoen4,Curcio,Cracoe,Account Executive,ccracoen4@google.it,60,true
tdeabilln5,Tracy,Deabill,Chief Design Engineer,tdeabilln5@google.nl,65,false
rricciardin6,Rorke,Ricciardi,Geological Engineer,rricciardin6@indiegogo.com,26,true
jdelacourtn7,Julie,Delacourt,Computer Systems Analyst III,jdelacourtn7@ox.ac.uk,84,false
nwharmbyn8,Nicole,Wharmby,Environmental Specialist,nwharmbyn8@hp.com,29,true
mklusn9,Marj,Klus,Civil Engineer,mklusn9@fc2.com,6,false
ckeetonna,Chan,Keeton,Librarian,ckeetonna@adobe.com,26,true
asemradnb,Alberto,Semrad,Developer IV,asemradnb@cbslocal.com,34,false
codellnc,Constantino,O'dell,Operator,codellnc@furl.net,40,false
rmayhond,Rona,Mayho,Internal Auditor,rmayhond@buzzfeed.com,6,false
vclutterhamne,Vonnie,Clutterham,Teacher,vclutterhamne@joomla.org,65,false
lteasdalenf,Lamond,Teasdale,Civil Engineer,lteasdalenf@archive.org,31,true
mprendergrassng,Marianna,Prendergrass,Operator,mprendergrassng@psu.edu,80,false
lcuffinnh,Linnea,Cuffin,Financial Analyst,lcuffinnh@google.nl,24,true
hgiddensni,Hally,Giddens,Editor,hgiddensni@sciencedirect.com,41,true
lrydernj,Lucille,Ryder,Assistant Manager,lrydernj@prnewswire.com,1,false
anarramorenk,Alys,Narramore,Computer Systems Analyst II,anarramorenk@fastcompany.com,10,true
giannittinl,Gerard,Iannitti,Desktop Support Technician,giannittinl@boston.com,19,true
bplummnm,Biddie,Plumm,Professor,bplummnm@hhs.gov,84,false
jcommuccinn,Jdavie,Commucci,Help Desk Technician,jcommuccinn@tiny.cc,29,false
nszwarcno,Netta,Szwarc,Social Worker,nszwarcno@ucsd.edu,42,true
mduckernp,Maury,Ducker,Safety Technician III,mduckernp@mail.ru,47,false
bborrellnq,Blaine,Borrell,Graphic Designer,bborrellnq@google.co.jp,71,false
awanlessnr,Alane,Wanless,Research Nurse,awanlessnr@comcast.net,19,false
sfoadns,Shirley,Foad,Accounting Assistant I,sfoadns@webnode.com,63,false
cdelgatynt,Cly,Delgaty,Financial Analyst,cdelgatynt@dot.gov,90,true
dgatehousenu,Doyle,Gatehouse,Registered Nurse,dgatehousenu@over-blog.com,7,true
mbevisnv,Mellisent,Bevis,Librarian,mbevisnv@umn.edu,86,false
rbanbricknw,Roxane,Banbrick,Social Worker,rbanbricknw@ucoz.com,15,true
bcoltonnx,Berkeley,Colton,Programmer I,bcoltonnx@cpanel.net,85,false
kphillinsny,Kristian,Phillins,Senior Sales Associate,kphillinsny@spotify.com,8,true
ggrevelnz,Gretta,Grevel,GIS Technical Architect,ggrevelnz@time.com,75,true
ftayeo0,Farra,Taye,Financial Analyst,ftayeo0@odnoklassniki.ru,55,true
abillo1,Archaimbaud,Bill,Structural Analysis Engineer,abillo1@com.com,40,true
tcollyo2,Trueman,Colly,Accountant III,tcollyo2@ft.com,19,true
jeberleo3,Julieta,Eberle,Compensation Analyst,jeberleo3@examiner.com,58,false
aanselmio4,Antonietta,Anselmi,Account Representative II,aanselmio4@spotify.com,94,false
cjestecoo5,Constancia,Jesteco,Chief Design Engineer,cjestecoo5@tumblr.com,45,true
yelsono6,Yankee,Elson,Recruiter,yelsono6@last.fm,42,false
gwalterso7,Ginny,Walters,VP Product Management,gwalterso7@amazon.com,48,false
gdanao8,Gamaliel,Dana,Human Resources Manager,gdanao8@hhs.gov,53,false
delwillo9,Diane,Elwill,Nurse,delwillo9@example.com,95,false
mgonthardoa,Megen,Gonthard,Community Outreach Specialist,mgonthardoa@blogger.com,91,false
gangrockob,Golda,Angrock,Environmental Specialist,gangrockob@ebay.co.uk,53,false
cscraggsoc,Callie,Scraggs,Programmer III,cscraggsoc@nsw.gov.au,82,true
sbalhatchetod,Sheeree,Balhatchet,Geologist II,sbalhatchetod@dot.gov,30,true
qmaysoe,Quinton,Mays,Staff Scientist,qmaysoe@artisteer.com,55,false
jdrinkhillof,Jorgan,Drinkhill,Data Coordinator,jdrinkhillof@deviantart.com,47,false
elelliottog,Englebert,Lelliott,VP Sales,elelliottog@rambler.ru,37,false
aleffekoh,Aubrey,Leffek,Account Representative IV,aleffekoh@constantcontact.com,31,true
cleatesoi,Chiquia,Leates,Financial Analyst,cleatesoi@github.com,56,true
lsaigeroj,Livvie,Saiger,Research Associate,lsaigeroj@github.com,49,false
lallabartonok,Layney,Allabarton,Occupational Therapist,lallabartonok@xrea.com,68,false
ekalkofenol,Evanne,Kalkofen,Chemical Engineer,ekalkofenol@earthlink.net,28,false
medlingtonom,Melba,Edlington,Financial Analyst,medlingtonom@t.co,86,false
fmacgilmartinon,Falito,MacGilmartin,Chief Design Engineer,fmacgilmartinon@pinterest.com,39,true
lkencottoo,Laraine,Kencott,Account Representative I,lkencottoo@woothemes.com,79,false
mdelacosteop,Maurice,De La Coste,Financial Advisor,mdelacosteop@utexas.edu,63,false
spentonyoq,Sargent,Pentony,Speech Pathologist,spentonyoq@ow.ly,12,true
bronischor,Bengt,Ronisch,Data Coordinator,bronischor@hubpages.com,99,false
mbrounos,Marvin,Broun,Accountant IV,mbrounos@army.mil,3,false
hphilippeot,Hephzibah,Philippe,Senior Financial Analyst,hphilippeot@chronoengine.com,86,false
iratleyou,Ingaberg,Ratley,Technical Writer,iratleyou@bandcamp.com,17,true
maggottov,Micheil,Aggott,VP Sales,maggottov@myspace.com,20,false
fmacalisterow,Filmore,MacAlister,Programmer Analyst IV,fmacalisterow@adobe.com,94,false
tlongthorneox,Tadd,Longthorne,Quality Control Specialist,tlongthorneox@cpanel.net,13,false
eskillingoy,Ermengarde,Skilling,Graphic Designer,eskillingoy@va.gov,17,false
jbugleroz,Julia,Bugler,Teacher,jbugleroz@washington.edu,51,false
hbowsp0,Hettie,Bows,Senior Developer,hbowsp0@skype.com,84,true
jaistonp1,Jard,Aiston,Quality Control Specialist,jaistonp1@upenn.edu,90,true
dstannahp2,Diego,Stannah,VP Product Management,dstannahp2@earthlink.net,44,true
koldeyp3,Karen,oldey,Compensation Analyst,koldeyp3@comcast.net,39,true
gchaffp4,Glenna,Chaff,Research Assistant I,gchaffp4@over-blog.com,8,false
nedgintonp5,Nettie,Edginton,Occupational Therapist,nedgintonp5@cbslocal.com,69,false
rtebbetp6,Reinold,Tebbet,Programmer Analyst I,rtebbetp6@yolasite.com,68,true
vpersep7,Vernice,Perse,Human Resources Assistant IV,vpersep7@t.co,51,true
ksimonaitisp8,Kaia,Simonaitis,Software Consultant,ksimonaitisp8@theguardian.com,50,false
tcheneyp9,Tressa,Cheney,Physical Therapy Assistant,tcheneyp9@webs.com,24,false
skeynespa,Simonette,Keynes,Quality Engineer,skeynespa@geocities.com,10,true
cislespb,Casey,Isles,Health Coach I,cislespb@wordpress.org,10,false
dbannermanpc,Domeniga,Bannerman,Information Systems Manager,dbannermanpc@example.com,43,false
bclinganpd,Bartlett,Clingan,Chemical Engineer,bclinganpd@edublogs.org,47,true
dstoditpe,Dareen,Stodit,Geologist III,dstoditpe@theglobeandmail.com,52,true
boxbiepf,Burlie,Oxbie,VP Marketing,boxbiepf@seesaa.net,7,false
umahmoodpg,Uta,Mahmood,Chief Design Engineer,umahmoodpg@biblegateway.com,54,true
ipurtellph,Ira,Purtell,Sales Associate,ipurtellph@java.com,87,true
rroistonepi,Rip,Roistone,Programmer I,rroistonepi@drupal.org,48,true
rornelespj,Rhetta,Orneles,Web Designer IV,rornelespj@over-blog.com,85,true
bmastrantonepk,Billye,Mastrantone,Computer Systems Analyst II,bmastrantonepk@imdb.com,67,false
pmunbypl,Pansie,Munby,GIS Technical Architect,pmunbypl@ucla.edu,94,true
awerlockpm,Allyn,Werlock,Chemical Engineer,awerlockpm@spotify.com,2,false
crumminpn,Chicky,Rummin,Sales Representative,crumminpn@desdev.cn,91,true
ijessoppo,Iseabal,Jessop,VP Product Management,ijessoppo@phoca.cz,21,false
lfretsonpp,Leone,Fretson,Account Representative II,lfretsonpp@nytimes.com,60,true
kbomfieldpq,Korey,Bomfield,Financial Advisor,kbomfieldpq@alibaba.com,15,true
dfairmanpr,Dur,Fairman,Librarian,dfairmanpr@google.ru,69,false
tdeardenps,Theodore,Dearden,Assistant Media Planner,tdeardenps@4shared.com,72,true
ggruszkapt,Gertie,Gruszka,Design Engineer,ggruszkapt@reference.com,27,true
fbroughtonpu,Foster,Broughton,Senior Editor,fbroughtonpu@jalbum.net,17,false
wmarklinpv,Wit,Marklin,Project Manager,wmarklinpv@cpanel.net,36,true
klittlechildpw,Kevin,Littlechild,Editor,klittlechildpw@upenn.edu,56,true
eboughtonpx,Estele,Boughton,Chemical Engineer,eboughtonpx@hostgator.com,64,true
bhasneypy,Benedikta,Hasney,Marketing Manager,bhasneypy@mysql.com,64,true
ffranceypz,Felicity,Francey,Electrical Engineer,ffranceypz@usatoday.com,9,true
wmulgrewq0,Wilmette,Mulgrew,Senior Sales Associate,wmulgrewq0@trellian.com,41,false
avanwaadenburgq1,Artus,Van Waadenburg,Geologist III,avanwaadenburgq1@usgs.gov,78,false
rduckhamq2,Rogers,Duckham,Recruiter,rduckhamq2@about.com,55,false
edurranq3,Eldon,Durran,Research Assistant II,edurranq3@baidu.com,93,true
dcohrsq4,Derward,Cohrs,Health Coach III,dcohrsq4@exblog.jp,66,true
bpaolettoq5,Bianca,Paoletto,Social Worker,bpaolettoq5@clickbank.net,9,false
cduffillq6,Cynthy,Duffill,Staff Scientist,cduffillq6@mozilla.com,53,false
mbehrensq7,Marci,Behrens,Tax Accountant,mbehrensq7@hexun.com,6,false
mtippingsq8,Moishe,Tippings,Nurse Practicioner,mtippingsq8@redcross.org,40,false
hlamertonq9,Hope,Lamerton,Sales Representative,hlamertonq9@usda.gov,82,true
aheakinsqa,Audrie,Heakins,Clinical Specialist,aheakinsqa@devhub.com,86,true
efraryqb,Emmott,Frary,Account Representative I,efraryqb@wordpress.org,52,false
gapperleyqc,Gilli,Apperley,Project Manager,gapperleyqc@phpbb.com,20,true
sroderickqd,Shelli,Roderick,Social Worker,sroderickqd@nps.gov,63,false
cfairhallqe,Cherry,Fairhall,Geological Engineer,cfairhallqe@wisc.edu,27,true
lpaulusqf,Lisbeth,Paulus,Electrical Engineer,lpaulusqf@bizjournals.com,50,false
ftarpeyqg,Filmore,Tarpey,Professor,ftarpeyqg@yahoo.co.jp,32,false
jblowqh,Jasmina,Blow,Research Assistant III,jblowqh@google.ca,54,true
ilawrinsonqi,Imogen,Lawrinson,Director of Sales,ilawrinsonqi@sina.com.cn,36,true
sschuttqj,Shermy,Schutt,Desktop Support Technician,sschuttqj@hibu.com,100,true
igreenerqk,Isabella,Greener,Software Consultant,igreenerqk@thetimes.co.uk,5,true
pwhitleyql,Portie,Whitley,Nurse,pwhitleyql@forbes.com,56,true
fkerfutqm,Fulvia,Kerfut,Compensation Analyst,fkerfutqm@friendfeed.com,53,false
wdougaryqn,Wilt,Dougary,Financial Analyst,wdougaryqn@google.ru,21,false
tpopleyqo,Tessy,Popley,Software Consultant,tpopleyqo@amazon.de,37,false
hkoppeckqp,Herrick,Koppeck,Senior Editor,hkoppeckqp@dailymail.co.uk,19,true
atempestqq,Ashlen,Tempest,Assistant Manager,atempestqq@bing.com,75,false
abiscoqr,Amandie,Bisco,Staff Scientist,abiscoqr@ifeng.com,100,false
sledurqs,Saleem,Ledur,Electrical Engineer,sledurqs@tumblr.com,90,false
tlisciandroqt,Tammi,Lisciandro,Dental Hygienist,tlisciandroqt@github.io,94,true
wravenshawqu,Whitby,Ravenshaw,Mechanical Systems Engineer,wravenshawqu@creativecommons.org,35,true
bsouleyqv,Burg,Souley,Administrative Assistant III,bsouleyqv@dropbox.com,96,false
mtredgetqw,Matthus,Tredget,Programmer II,mtredgetqw@toplist.cz,21,true
dtubbyqx,Derrik,Tubby,Structural Analysis Engineer,dtubbyqx@thetimes.co.uk,19,true
tharnellqy,Tanner,Harnell,Environmental Specialist,tharnellqy@google.com.au,33,true
rgainsfordqz,Reinhard,Gainsford,Pharmacist,rgainsfordqz@mapquest.com,61,false
sreeder0,Sean,Reede,Sales Associate,sreeder0@marriott.com,31,true
oderryr1,Oswald,Derry,Structural Engineer,oderryr1@pinterest.com,75,false
jchyuertonr2,Jeanne,Chyuerton,Account Representative II,jchyuertonr2@mtv.com,96,false
cbromptonr3,Clary,Brompton,Mechanical Systems Engineer,cbromptonr3@miitbeian.gov.cn,50,false
gcattenachr4,Gertrud,Cattenach,VP Accounting,gcattenachr4@nifty.com,77,false
gscintsburyr5,Gerry,Scintsbury,VP Quality Control,gscintsburyr5@timesonline.co.uk,85,false
rmorrillyr6,Ryann,Morrilly,Senior Quality Engineer,rmorrillyr6@surveymonkey.com,50,true
bcaplanr7,Binky,Caplan,Senior Developer,bcaplanr7@netvibes.com,23,true
imalkinr8,Ingeberg,Malkin,Help Desk Technician,imalkinr8@newyorker.com,47,true
edalliwatrr9,Edouard,Dalliwatr,Cost Accountant,edalliwatrr9@chicagotribune.com,96,false
wseverra,Wood,Sever,Business Systems Development Analyst,wseverra@chron.com,65,true
kconnuerb,Krishnah,Connue,Senior Developer,kconnuerb@uiuc.edu,36,true
jmoatrc,Jaye,Moat,Biostatistician II,jmoatrc@phoca.cz,76,false
amoncreferd,Ariela,Moncrefe,Automation Specialist I,amoncreferd@reverbnation.com,17,true
cyosselevitchre,Cornall,Yosselevitch,Legal Assistant,cyosselevitchre@ucla.edu,61,true
gpaolillorf,Garner,Paolillo,Nurse,gpaolillorf@nature.com,91,false
wlosanorg,Walsh,Losano,Actuary,wlosanorg@wikimedia.org,31,false
edibiagirh,Erick,Di Biagi,Assistant Professor,edibiagirh@about.me,48,true
bcocksedgeri,Bessie,Cocksedge,Junior Executive,bcocksedgeri@house.gov,46,false
ajerredrj,Annabal,Jerred,Account Coordinator,ajerredrj@craigslist.org,92,false
ytreskerk,Yvor,Treske,Executive Secretary,ytreskerk@dailymotion.com,93,true
jjakobssenrl,Jeromy,Jakobssen,Nurse,jjakobssenrl@npr.org,26,false
mhadlingtonrm,Magdalen,Hadlington,Office Assistant II,mhadlingtonrm@odnoklassniki.ru,25,true
mhilleyrn,Margarete,Hilley,Human Resources Assistant III,mhilleyrn@examiner.com,98,true
rkemmisro,Rurik,Kemmis,Nuclear Power Engineer,rkemmisro@bigcartel.com,9,true
saimablerp,Siffre,Aimable,Associate Professor,saimablerp@rediff.com,23,false
btimberlakerq,Bailey,Timberlake,Recruiting Manager,btimberlakerq@simplemachines.org,30,false
waulsfordrr,Way,Aulsford,Graphic Designer,waulsfordrr@cocolog-nifty.com,36,false
